timestamp,open,high,low,close,volume,open_interest
2026-07-27T23:29:00+05:30,7949.0,7952.0,7944.0,7946.0,211,12335
2026-07-27T23:28:00+05:30,7951.0,7953.0,7946.0,7947.0,83,12370
2026-07-27T23:27:00+05:30,7952.0,7953.0,7950.0,7952.0,70,12424
2026-07-27T23:26:00+05:30,7952.0,7953.0,7945.0,7950.0,368,12471
2026-07-27T23:25:00+05:30,7957.0,7958.0,7951.0,7953.0,74,12476
2026-07-27T23:24:00+05:30,7953.0,7958.0,7949.0,7955.0,61,12486
2026-07-27T23:23:00+05:30,7952.0,7954.0,7947.0,7954.0,170,12470
2026-07-27T23:22:00+05:30,7960.0,7960.0,7953.0,7953.0,76,12457
2026-07-27T23:21:00+05:30,7963.0,7963.0,7959.0,7962.0,43,12474
2026-07-27T23:20:00+05:30,7966.0,7966.0,7957.0,7961.0,223,12454
2026-07-27T23:19:00+05:30,7961.0,7973.0,7961.0,7964.0,41,12571
2026-07-27T23:18:00+05:30,7970.0,7970.0,7961.0,7963.0,68,12567
2026-07-27T23:17:00+05:30,7968.0,7974.0,7968.0,7974.0,4,12591
2026-07-27T23:16:00+05:30,7975.0,7977.0,7970.0,7970.0,189,12597
2026-07-27T23:15:00+05:30,7972.0,7976.0,7972.0,7976.0,45,12737
2026-07-27T23:14:00+05:30,7975.0,7977.0,7971.0,7974.0,103,12740
2026-07-27T23:13:00+05:30,7967.0,7975.0,7967.0,7972.0,61,12758
2026-07-27T23:12:00+05:30,7968.0,7969.0,7968.0,7969.0,16,12781
2026-07-27T23:11:00+05:30,7968.0,7970.0,7962.0,7966.0,129,12792
2026-07-27T23:10:00+05:30,7971.0,7971.0,7960.0,7967.0,80,12873
2026-07-27T23:09:00+05:30,7959.0,7972.0,7959.0,7972.0,83,12943
2026-07-27T23:08:00+05:30,7956.0,7960.0,7951.0,7960.0,102,12968
2026-07-27T23:07:00+05:30,7946.0,7955.0,7946.0,7952.0,49,12979
2026-07-27T23:06:00+05:30,7951.0,7952.0,7947.0,7948.0,62,12974
2026-07-27T23:05:00+05:30,7942.0,7952.0,7942.0,7950.0,23,12940
2026-07-27T23:04:00+05:30,7947.0,7949.0,7941.0,7943.0,55,12938
2026-07-27T23:03:00+05:30,7951.0,7951.0,7944.0,7945.0,35,12935
2026-07-27T23:02:00+05:30,7950.0,7954.0,7949.0,7954.0,84,12940
2026-07-27T23:01:00+05:30,7955.0,7955.0,7948.0,7952.0,58,12913
2026-07-27T23:00:00+05:30,7948.0,7955.0,7945.0,7954.0,148,12925
2026-07-27T22:59:00+05:30,7944.0,7950.0,7944.0,7950.0,122,12911
2026-07-27T22:58:00+05:30,7944.0,7944.0,7938.0,7943.0,30,12893
2026-07-27T22:57:00+05:30,7942.0,7946.0,7939.0,7943.0,30,12912
2026-07-27T22:56:00+05:30,7949.0,7949.0,7944.0,7944.0,11,12918
2026-07-27T22:55:00+05:30,7947.0,7947.0,7944.0,7947.0,20,12925
2026-07-27T22:54:00+05:30,7937.0,7948.0,7936.0,7948.0,33,12912
2026-07-27T22:53:00+05:30,7937.0,7940.0,7936.0,7939.0,48,12897
2026-07-27T22:52:00+05:30,7945.0,7945.0,7937.0,7938.0,20,12865
2026-07-27T22:51:00+05:30,7942.0,7944.0,7940.0,7944.0,9,12874
2026-07-27T22:50:00+05:30,7948.0,7950.0,7936.0,7941.0,286,12872
2026-07-27T22:49:00+05:30,7947.0,7948.0,7945.0,7947.0,9,12979
2026-07-27T22:48:00+05:30,7939.0,7947.0,7937.0,7942.0,28,12984
2026-07-27T22:47:00+05:30,7942.0,7942.0,7936.0,7938.0,12,12981
2026-07-27T22:46:00+05:30,7937.0,7945.0,7936.0,7943.0,34,12984
2026-07-27T22:45:00+05:30,7949.0,7952.0,7941.0,7941.0,48,12983
2026-07-27T22:44:00+05:30,7939.0,7946.0,7936.0,7946.0,43,12977
2026-07-27T22:43:00+05:30,7950.0,7950.0,7937.0,7940.0,45,12981
2026-07-27T22:42:00+05:30,7958.0,7958.0,7945.0,7951.0,40,12996
2026-07-27T22:41:00+05:30,7948.0,7958.0,7948.0,7956.0,26,13012
2026-07-27T22:40:00+05:30,7948.0,7948.0,7943.0,7944.0,74,13013
2026-07-27T22:39:00+05:30,7946.0,7955.0,7946.0,7952.0,588,13072
2026-07-27T22:38:00+05:30,7947.0,7947.0,7942.0,7945.0,53,12803
2026-07-27T22:37:00+05:30,7960.0,7964.0,7945.0,7950.0,217,12808
2026-07-27T22:36:00+05:30,7959.0,7959.0,7952.0,7956.0,124,12879
2026-07-27T22:35:00+05:30,7954.0,7962.0,7954.0,7957.0,21,12894
2026-07-27T22:34:00+05:30,7957.0,7960.0,7955.0,7955.0,25,12899
2026-07-27T22:33:00+05:30,7965.0,7965.0,7955.0,7956.0,88,12895
2026-07-27T22:32:00+05:30,7960.0,7967.0,7960.0,7964.0,50,12924
2026-07-27T22:31:00+05:30,7960.0,7965.0,7958.0,7959.0,97,12903
2026-07-27T22:30:00+05:30,7964.0,7969.0,7959.0,7959.0,69,12823
2026-07-27T22:29:00+05:30,7961.0,7965.0,7960.0,7963.0,85,12797
2026-07-27T22:28:00+05:30,7970.0,7973.0,7961.0,7962.0,91,12798
2026-07-27T22:27:00+05:30,7972.0,7973.0,7965.0,7965.0,59,12773
2026-07-27T22:26:00+05:30,7980.0,7981.0,7968.0,7975.0,195,12757
2026-07-27T22:25:00+05:30,7983.0,7983.0,7977.0,7978.0,189,12864
2026-07-27T22:24:00+05:30,8002.0,8002.0,7982.0,7984.0,153,12946
2026-07-27T22:23:00+05:30,7995.0,8004.0,7994.0,8004.0,247,12945
2026-07-27T22:22:00+05:30,7988.0,7998.0,7988.0,7992.0,231,13024
2026-07-27T22:21:00+05:30,7975.0,7989.0,7975.0,7989.0,166,13056
2026-07-27T22:20:00+05:30,7972.0,7978.0,7965.0,7978.0,87,13181
2026-07-27T22:19:00+05:30,7973.0,7980.0,7971.0,7973.0,100,13194
2026-07-27T22:18:00+05:30,7971.0,7977.0,7969.0,7974.0,81,13203
2026-07-27T22:17:00+05:30,7968.0,7970.0,7965.0,7970.0,60,13154
2026-07-27T22:16:00+05:30,7950.0,7969.0,7950.0,7965.0,115,13132
2026-07-27T22:15:00+05:30,7952.0,7955.0,7947.0,7949.0,57,13171
2026-07-27T22:14:00+05:30,7947.0,7955.0,7946.0,7955.0,27,13197
2026-07-27T22:13:00+05:30,7949.0,7954.0,7940.0,7946.0,50,13169
2026-07-27T22:12:00+05:30,7948.0,7951.0,7946.0,7951.0,68,13165
2026-07-27T22:11:00+05:30,7952.0,7956.0,7949.0,7951.0,98,13109
2026-07-27T22:10:00+05:30,7943.0,7953.0,7940.0,7950.0,81,13115
2026-07-27T22:09:00+05:30,7940.0,7947.0,7934.0,7947.0,119,13071
2026-07-27T22:08:00+05:30,7925.0,7939.0,7924.0,7939.0,90,13024
2026-07-27T22:07:00+05:30,7928.0,7932.0,7917.0,7929.0,217,13031
2026-07-27T22:06:00+05:30,7935.0,7937.0,7925.0,7927.0,128,12932
2026-07-27T22:05:00+05:30,7916.0,7939.0,7916.0,7936.0,174,12912
2026-07-27T22:04:00+05:30,7946.0,7947.0,7912.0,7915.0,332,13060
2026-07-27T22:03:00+05:30,7945.0,7954.0,7944.0,7951.0,336,13071
2026-07-27T22:02:00+05:30,7972.0,7975.0,7950.0,7953.0,732,13107
2026-07-27T22:01:00+05:30,7978.0,7979.0,7970.0,7975.0,86,13180
2026-07-27T22:00:00+05:30,7980.0,7982.0,7969.0,7981.0,294,13111
2026-07-27T21:59:00+05:30,7988.0,8000.0,7985.0,7985.0,183,12919
2026-07-27T21:58:00+05:30,7978.0,7988.0,7963.0,7987.0,509,13013
2026-07-27T21:57:00+05:30,8000.0,8006.0,7968.0,7972.0,495,12906
2026-07-27T21:56:00+05:30,7982.0,8006.0,7970.0,8001.0,725,12589
2026-07-27T21:55:00+05:30,8041.0,8046.0,7979.0,7979.0,5093,12639
2026-07-27T21:54:00+05:30,8044.0,8047.0,8042.0,8047.0,21,12783
2026-07-27T21:53:00+05:30,8038.0,8041.0,8038.0,8040.0,14,12782
2026-07-27T21:52:00+05:30,8042.0,8043.0,8038.0,8039.0,169,12777
2026-07-27T21:51:00+05:30,8047.0,8053.0,8045.0,8047.0,130,12896
2026-07-27T21:50:00+05:30,8045.0,8045.0,8040.0,8045.0,44,12898
2026-07-27T21:49:00+05:30,8037.0,8048.0,8035.0,8047.0,257,12901
2026-07-27T21:48:00+05:30,8027.0,8031.0,8025.0,8030.0,71,12816
2026-07-27T21:47:00+05:30,8018.0,8028.0,8018.0,8025.0,92,12830
2026-07-27T21:46:00+05:30,8006.0,8020.0,8006.0,8020.0,63,12853
2026-07-27T21:45:00+05:30,8002.0,8004.0,7999.0,8002.0,44,12848
2026-07-27T21:44:00+05:30,8004.0,8015.0,8001.0,8005.0,26,12861
2026-07-27T21:43:00+05:30,8013.0,8013.0,8007.0,8007.0,6,12869
2026-07-27T21:42:00+05:30,8016.0,8018.0,8010.0,8010.0,14,12869
2026-07-27T21:41:00+05:30,8014.0,8018.0,8014.0,8018.0,34,12867
2026-07-27T21:40:00+05:30,8017.0,8017.0,8014.0,8015.0,22,12851
2026-07-27T21:39:00+05:30,8008.0,8016.0,8008.0,8015.0,19,12850
2026-07-27T21:38:00+05:30,8006.0,8010.0,8006.0,8006.0,16,12843
2026-07-27T21:37:00+05:30,8011.0,8011.0,8004.0,8005.0,23,12834
2026-07-27T21:36:00+05:30,8016.0,8017.0,8012.0,8013.0,36,12835
2026-07-27T21:35:00+05:30,8008.0,8015.0,8008.0,8015.0,71,12854
2026-07-27T21:34:00+05:30,8006.0,8012.0,8005.0,8012.0,29,12807
2026-07-27T21:33:00+05:30,8005.0,8006.0,8001.0,8005.0,30,12805
2026-07-27T21:32:00+05:30,8000.0,8010.0,8000.0,8004.0,23,12806
2026-07-27T21:31:00+05:30,8000.0,8000.0,7990.0,7997.0,175,12806
2026-07-27T21:30:00+05:30,8017.0,8017.0,7997.0,7997.0,355,12727
2026-07-27T21:29:00+05:30,8014.0,8020.0,8012.0,8020.0,78,12916
2026-07-27T21:28:00+05:30,8014.0,8017.0,8014.0,8015.0,54,12899
2026-07-27T21:27:00+05:30,8016.0,8018.0,8013.0,8013.0,26,12879
2026-07-27T21:26:00+05:30,8008.0,8015.0,8008.0,8015.0,35,12886
2026-07-27T21:25:00+05:30,8002.0,8010.0,8002.0,8006.0,71,12887
2026-07-27T21:24:00+05:30,7994.0,8000.0,7994.0,8000.0,10,12852
2026-07-27T21:23:00+05:30,8002.0,8002.0,7997.0,7997.0,17,12852
2026-07-27T21:22:00+05:30,7996.0,8003.0,7996.0,7998.0,21,12858
2026-07-27T21:21:00+05:30,8000.0,8000.0,7991.0,7997.0,35,12855
2026-07-27T21:20:00+05:30,8005.0,8006.0,8001.0,8001.0,7,12864
2026-07-27T21:19:00+05:30,8006.0,8009.0,8005.0,8008.0,20,12865
2026-07-27T21:18:00+05:30,8001.0,8004.0,7998.0,8004.0,20,12865
2026-07-27T21:17:00+05:30,7999.0,8005.0,7998.0,8005.0,28,12868
2026-07-27T21:16:00+05:30,7998.0,8002.0,7993.0,7997.0,110,12864
2026-07-27T21:15:00+05:30,7993.0,8001.0,7993.0,7999.0,34,12810
2026-07-27T21:14:00+05:30,8007.0,8007.0,7995.0,7995.0,106,12794
2026-07-27T21:13:00+05:30,8004.0,8010.0,8004.0,8010.0,30,12771
2026-07-27T21:12:00+05:30,8015.0,8015.0,8001.0,8008.0,94,12774
2026-07-27T21:11:00+05:30,8015.0,8019.0,8010.0,8019.0,35,12817
2026-07-27T21:10:00+05:30,8009.0,8019.0,8008.0,8009.0,45,12806
2026-07-27T21:09:00+05:30,8003.0,8010.0,7999.0,8008.0,14,12797
2026-07-27T21:08:00+05:30,8005.0,8005.0,7999.0,7999.0,53,12798
2026-07-27T21:07:00+05:30,8004.0,8012.0,8004.0,8009.0,21,12763
2026-07-27T21:06:00+05:30,7997.0,8002.0,7992.0,8002.0,32,12764
2026-07-27T21:05:00+05:30,8007.0,8010.0,7999.0,8003.0,38,12764
2026-07-27T21:04:00+05:30,8012.0,8013.0,8008.0,8009.0,18,12778
2026-07-27T21:03:00+05:30,8013.0,8017.0,8006.0,8014.0,123,12785
2026-07-27T21:02:00+05:30,7992.0,8012.0,7981.0,8011.0,324,12822
2026-07-27T21:01:00+05:30,7997.0,7997.0,7986.0,7990.0,148,12819
2026-07-27T21:00:00+05:30,7994.0,8005.0,7994.0,7996.0,274,12771
2026-07-27T20:59:00+05:30,8003.0,8004.0,7996.0,7997.0,767,12698
2026-07-27T20:58:00+05:30,8005.0,8005.0,7997.0,7997.0,101,12613
2026-07-27T20:57:00+05:30,8006.0,8008.0,8005.0,8007.0,24,12590
2026-07-27T20:56:00+05:30,8017.0,8017.0,8003.0,8008.0,91,12587
2026-07-27T20:55:00+05:30,8015.0,8020.0,8012.0,8018.0,151,12605
2026-07-27T20:54:00+05:30,8014.0,8015.0,8011.0,8012.0,60,12712
2026-07-27T20:53:00+05:30,8002.0,8018.0,7998.0,8015.0,67,12737
2026-07-27T20:52:00+05:30,7993.0,8002.0,7986.0,8000.0,61,12735
2026-07-27T20:51:00+05:30,7998.0,7998.0,7985.0,7992.0,264,12739
2026-07-27T20:50:00+05:30,8000.0,8010.0,7999.0,7999.0,50,12826
2026-07-27T20:49:00+05:30,8010.0,8010.0,8000.0,8002.0,61,12828
2026-07-27T20:48:00+05:30,8011.0,8021.0,8010.0,8011.0,141,12852
2026-07-27T20:47:00+05:30,8003.0,8020.0,8003.0,8014.0,64,12915
2026-07-27T20:46:00+05:30,8004.0,8007.0,7999.0,8001.0,273,12938
2026-07-27T20:45:00+05:30,8006.0,8006.0,7998.0,8005.0,99,12775
2026-07-27T20:44:00+05:30,8008.0,8012.0,8003.0,8007.0,56,12807
2026-07-27T20:43:00+05:30,8020.0,8020.0,8007.0,8007.0,291,12816
2026-07-27T20:42:00+05:30,8006.0,8022.0,8003.0,8019.0,147,12702
2026-07-27T20:41:00+05:30,8013.0,8013.0,7999.0,8008.0,209,12611
2026-07-27T20:40:00+05:30,8019.0,8019.0,8008.0,8015.0,64,12585
2026-07-27T20:39:00+05:30,8016.0,8021.0,8015.0,8017.0,48,12607
2026-07-27T20:38:00+05:30,8025.0,8031.0,8018.0,8018.0,47,12596
2026-07-27T20:37:00+05:30,8032.0,8036.0,8024.0,8024.0,99,12595
2026-07-27T20:36:00+05:30,8039.0,8042.0,8032.0,8034.0,132,12538
2026-07-27T20:35:00+05:30,8025.0,8040.0,8025.0,8040.0,85,12621
2026-07-27T20:34:00+05:30,8019.0,8025.0,8016.0,8021.0,95,12583
2026-07-27T20:33:00+05:30,8030.0,8031.0,8014.0,8015.0,625,12564
2026-07-27T20:32:00+05:30,8045.0,8045.0,8031.0,8031.0,129,12640
2026-07-27T20:31:00+05:30,8042.0,8048.0,8039.0,8044.0,85,12663
2026-07-27T20:30:00+05:30,8043.0,8062.0,8043.0,8048.0,1084,12718
2026-07-27T20:29:00+05:30,8052.0,8052.0,8033.0,8038.0,746,12748
2026-07-27T20:28:00+05:30,8057.0,8061.0,8053.0,8056.0,48,12754
2026-07-27T20:27:00+05:30,8056.0,8058.0,8054.0,8058.0,17,12768
2026-07-27T20:26:00+05:30,8051.0,8057.0,8047.0,8057.0,30,12768
2026-07-27T20:25:00+05:30,8055.0,8055.0,8050.0,8050.0,17,12757
2026-07-27T20:24:00+05:30,8055.0,8057.0,8051.0,8057.0,14,12762
2026-07-27T20:23:00+05:30,8048.0,8051.0,8048.0,8051.0,6,12758
2026-07-27T20:22:00+05:30,8060.0,8061.0,8050.0,8050.0,74,12759
2026-07-27T20:21:00+05:30,8060.0,8064.0,8057.0,8062.0,131,12803
2026-07-27T20:20:00+05:30,8048.0,8060.0,8048.0,8058.0,228,12783
2026-07-27T20:19:00+05:30,8040.0,8051.0,8040.0,8051.0,177,12765
2026-07-27T20:18:00+05:30,8038.0,8038.0,8038.0,8038.0,6,12792
2026-07-27T20:17:00+05:30,8043.0,8045.0,8036.0,8041.0,70,12791
2026-07-27T20:16:00+05:30,8038.0,8042.0,8036.0,8042.0,42,12795
2026-07-27T20:15:00+05:30,8045.0,8046.0,8035.0,8035.0,86,12788
2026-07-27T20:14:00+05:30,8045.0,8050.0,8044.0,8044.0,20,12790
2026-07-27T20:13:00+05:30,8055.0,8055.0,8043.0,8043.0,25,12790
2026-07-27T20:12:00+05:30,8054.0,8061.0,8049.0,8060.0,53,12804
2026-07-27T20:11:00+05:30,8045.0,8050.0,8044.0,8050.0,38,12822
2026-07-27T20:10:00+05:30,8051.0,8051.0,8040.0,8043.0,59,12841
2026-07-27T20:09:00+05:30,8047.0,8053.0,8046.0,8048.0,104,12807
2026-07-27T20:08:00+05:30,8052.0,8053.0,8045.0,8050.0,40,12804
2026-07-27T20:07:00+05:30,8056.0,8057.0,8051.0,8051.0,64,12798
2026-07-27T20:06:00+05:30,8058.0,8058.0,8049.0,8055.0,48,12794
2026-07-27T20:05:00+05:30,8054.0,8064.0,8054.0,8059.0,105,12799
2026-07-27T20:04:00+05:30,8054.0,8056.0,8052.0,8056.0,27,12802
2026-07-27T20:03:00+05:30,8052.0,8052.0,8042.0,8050.0,54,12784
2026-07-27T20:02:00+05:30,8063.0,8063.0,8052.0,8053.0,35,12789
2026-07-27T20:01:00+05:30,8051.0,8066.0,8051.0,8062.0,85,12809
2026-07-27T20:00:00+05:30,8052.0,8059.0,8050.0,8055.0,45,12814
2026-07-27T19:59:00+05:30,8045.0,8051.0,8043.0,8050.0,67,12836
2026-07-27T19:58:00+05:30,8054.0,8054.0,8048.0,8048.0,42,12855
2026-07-27T19:57:00+05:30,8054.0,8062.0,8049.0,8052.0,76,12852
2026-07-27T19:56:00+05:30,8050.0,8059.0,8049.0,8055.0,97,12858
2026-07-27T19:55:00+05:30,8034.0,8047.0,8034.0,8047.0,31,12898
2026-07-27T19:54:00+05:30,8043.0,8045.0,8032.0,8033.0,56,12897
2026-07-27T19:53:00+05:30,8045.0,8048.0,8039.0,8048.0,49,12909
2026-07-27T19:52:00+05:30,8055.0,8055.0,8047.0,8050.0,59,12924
2026-07-27T19:51:00+05:30,8052.0,8059.0,8051.0,8054.0,35,12931
2026-07-27T19:50:00+05:30,8048.0,8055.0,8048.0,8055.0,33,12938
2026-07-27T19:49:00+05:30,8045.0,8052.0,8044.0,8049.0,23,12942
2026-07-27T19:48:00+05:30,8037.0,8051.0,8037.0,8048.0,149,12941
2026-07-27T19:47:00+05:30,8039.0,8047.0,8037.0,8040.0,44,12966
2026-07-27T19:46:00+05:30,8040.0,8045.0,8038.0,8040.0,56,12981
2026-07-27T19:45:00+05:30,8032.0,8045.0,8032.0,8045.0,71,12985
2026-07-27T19:44:00+05:30,8044.0,8046.0,8037.0,8037.0,73,12941
2026-07-27T19:43:00+05:30,8032.0,8049.0,8031.0,8049.0,77,12944
2026-07-27T19:42:00+05:30,8032.0,8039.0,8032.0,8033.0,138,12946
2026-07-27T19:41:00+05:30,8058.0,8058.0,8035.0,8035.0,183,12946
2026-07-27T19:40:00+05:30,8057.0,8063.0,8051.0,8062.0,175,12927
2026-07-27T19:39:00+05:30,8055.0,8059.0,8047.0,8056.0,167,12943
2026-07-27T19:38:00+05:30,8067.0,8067.0,8056.0,8058.0,64,12955
2026-07-27T19:37:00+05:30,8065.0,8075.0,8063.0,8066.0,81,12939
2026-07-27T19:36:00+05:30,8070.0,8070.0,8061.0,8062.0,74,12911
2026-07-27T19:35:00+05:30,8066.0,8068.0,8064.0,8068.0,47,12898
2026-07-27T19:34:00+05:30,8069.0,8071.0,8066.0,8067.0,40,12899
2026-07-27T19:33:00+05:30,8080.0,8080.0,8065.0,8070.0,81,12907
2026-07-27T19:32:00+05:30,8087.0,8091.0,8077.0,8079.0,103,12923
2026-07-27T19:31:00+05:30,8095.0,8101.0,8088.0,8088.0,43,12917
2026-07-27T19:30:00+05:30,8104.0,8109.0,8094.0,8096.0,46,12912
2026-07-27T19:29:00+05:30,8107.0,8109.0,8102.0,8106.0,35,12911
2026-07-27T19:28:00+05:30,8117.0,8117.0,8108.0,8112.0,57,12909
2026-07-27T19:27:00+05:30,8112.0,8115.0,8108.0,8115.0,49,12904
2026-07-27T19:26:00+05:30,8109.0,8117.0,8109.0,8113.0,52,12899
2026-07-27T19:25:00+05:30,8099.0,8114.0,8099.0,8107.0,158,12891
2026-07-27T19:24:00+05:30,8092.0,8100.0,8089.0,8100.0,66,12922
2026-07-27T19:23:00+05:30,8097.0,8104.0,8092.0,8095.0,128,12933
2026-07-27T19:22:00+05:30,8076.0,8090.0,8076.0,8088.0,39,12958
2026-07-27T19:21:00+05:30,8076.0,8081.0,8071.0,8075.0,80,12964
2026-07-27T19:20:00+05:30,8061.0,8075.0,8060.0,8075.0,113,12990
2026-07-27T19:19:00+05:30,8065.0,8066.0,8053.0,8059.0,44,12994
2026-07-27T19:18:00+05:30,8065.0,8067.0,8061.0,8061.0,24,12993
2026-07-27T19:17:00+05:30,8077.0,8077.0,8067.0,8067.0,20,12987
2026-07-27T19:16:00+05:30,8066.0,8075.0,8066.0,8072.0,49,12997
2026-07-27T19:15:00+05:30,8073.0,8078.0,8065.0,8065.0,45,12975
2026-07-27T19:14:00+05:30,8069.0,8077.0,8068.0,8077.0,53,12970
2026-07-27T19:13:00+05:30,8068.0,8072.0,8063.0,8070.0,90,12980
2026-07-27T19:12:00+05:30,8065.0,8066.0,8055.0,8065.0,71,12966
2026-07-27T19:11:00+05:30,8066.0,8075.0,8066.0,8068.0,93,12940
2026-07-27T19:10:00+05:30,8053.0,8065.0,8052.0,8063.0,146,12938
2026-07-27T19:09:00+05:30,8060.0,8070.0,8052.0,8052.0,191,12912
2026-07-27T19:08:00+05:30,8089.0,8089.0,8061.0,8063.0,231,12894
2026-07-27T19:07:00+05:30,8076.0,8091.0,8076.0,8091.0,88,12900
2026-07-27T19:06:00+05:30,8083.0,8083.0,8078.0,8080.0,49,12901
2026-07-27T19:05:00+05:30,8091.0,8091.0,8079.0,8082.0,177,12876
2026-07-27T19:04:00+05:30,8082.0,8093.0,8082.0,8093.0,178,12835
2026-07-27T19:03:00+05:30,8085.0,8088.0,8081.0,8085.0,111,12835
2026-07-27T19:02:00+05:30,8101.0,8104.0,8088.0,8093.0,75,12852
2026-07-27T19:01:00+05:30,8100.0,8102.0,8088.0,8102.0,162,12789
2026-07-27T19:00:00+05:30,8129.0,8130.0,8101.0,8103.0,377,12774
2026-07-27T18:59:00+05:30,8122.0,8128.0,8121.0,8128.0,70,12796
2026-07-27T18:58:00+05:30,8119.0,8126.0,8117.0,8126.0,69,12798
2026-07-27T18:57:00+05:30,8110.0,8115.0,8110.0,8113.0,12,12792
2026-07-27T18:56:00+05:30,8114.0,8114.0,8107.0,8107.0,41,12778
2026-07-27T18:55:00+05:30,8112.0,8119.0,8110.0,8110.0,54,12762
2026-07-27T18:54:00+05:30,8111.0,8115.0,8108.0,8113.0,65,12770
2026-07-27T18:53:00+05:30,8117.0,8118.0,8108.0,8108.0,85,12762
2026-07-27T18:52:00+05:30,8108.0,8119.0,8108.0,8114.0,46,12768
2026-07-27T18:51:00+05:30,8115.0,8116.0,8107.0,8107.0,34,12761
2026-07-27T18:50:00+05:30,8127.0,8127.0,8118.0,8118.0,51,12750
2026-07-27T18:49:00+05:30,8119.0,8127.0,8111.0,8126.0,70,12740
2026-07-27T18:48:00+05:30,8131.0,8131.0,8118.0,8118.0,285,12712
2026-07-27T18:47:00+05:30,8116.0,8132.0,8116.0,8130.0,365,12665
2026-07-27T18:46:00+05:30,8103.0,8115.0,8101.0,8114.0,30,12693
2026-07-27T18:45:00+05:30,8105.0,8110.0,8097.0,8105.0,85,12700
2026-07-27T18:44:00+05:30,8101.0,8113.0,8101.0,8103.0,42,12703
2026-07-27T18:43:00+05:30,8093.0,8100.0,8092.0,8100.0,43,12707
2026-07-27T18:42:00+05:30,8099.0,8100.0,8087.0,8091.0,41,12690
2026-07-27T18:41:00+05:30,8110.0,8110.0,8100.0,8100.0,59,12676
2026-07-27T18:40:00+05:30,8112.0,8115.0,8104.0,8109.0,48,12682
2026-07-27T18:39:00+05:30,8117.0,8117.0,8107.0,8107.0,86,12677
2026-07-27T18:38:00+05:30,8111.0,8118.0,8111.0,8113.0,88,12684
2026-07-27T18:37:00+05:30,8109.0,8112.0,8103.0,8112.0,57,12699
2026-07-27T18:36:00+05:30,8092.0,8110.0,8084.0,8108.0,109,12685
2026-07-27T18:35:00+05:30,8090.0,8090.0,8076.0,8087.0,58,12690
2026-07-27T18:34:00+05:30,8096.0,8096.0,8084.0,8087.0,94,12689
2026-07-27T18:33:00+05:30,8093.0,8106.0,8088.0,8103.0,26,12673
2026-07-27T18:32:00+05:30,8103.0,8104.0,8087.0,8090.0,66,12674
2026-07-27T18:31:00+05:30,8103.0,8117.0,8102.0,8107.0,230,12660
2026-07-27T18:30:00+05:30,8083.0,8105.0,8077.0,8096.0,354,12693
2026-07-27T18:29:00+05:30,8102.0,8102.0,8083.0,8086.0,152,12581
2026-07-27T18:28:00+05:30,8100.0,8105.0,8091.0,8095.0,146,12570
2026-07-27T18:27:00+05:30,8099.0,8102.0,8095.0,8097.0,49,12564
2026-07-27T18:26:00+05:30,8093.0,8103.0,8093.0,8102.0,21,12565
2026-07-27T18:25:00+05:30,8105.0,8105.0,8090.0,8091.0,76,12562
2026-07-27T18:24:00+05:30,8100.0,8115.0,8096.0,8110.0,243,12537
2026-07-27T18:23:00+05:30,8080.0,8098.0,8080.0,8098.0,69,12538
2026-07-27T18:22:00+05:30,8091.0,8096.0,8081.0,8091.0,234,12522
2026-07-27T18:21:00+05:30,8080.0,8105.0,8080.0,8085.0,1385,12487
2026-07-27T18:20:00+05:30,8074.0,8076.0,8069.0,8075.0,338,12588
2026-07-27T18:19:00+05:30,8068.0,8074.0,8068.0,8071.0,19,12638
2026-07-27T18:18:00+05:30,8074.0,8074.0,8064.0,8065.0,20,12637
2026-07-27T18:17:00+05:30,8070.0,8076.0,8067.0,8073.0,50,12640
2026-07-27T18:16:00+05:30,8074.0,8076.0,8062.0,8073.0,117,12643
2026-07-27T18:15:00+05:30,8077.0,8077.0,8068.0,8075.0,170,12652
2026-07-27T18:14:00+05:30,8081.0,8083.0,8078.0,8082.0,120,12619
2026-07-27T18:13:00+05:30,8088.0,8089.0,8083.0,8083.0,20,12655
2026-07-27T18:12:00+05:30,8081.0,8091.0,8081.0,8085.0,184,12649
2026-07-27T18:11:00+05:30,8074.0,8081.0,8074.0,8080.0,125,12651
2026-07-27T18:10:00+05:30,8076.0,8078.0,8070.0,8075.0,18,12658
2026-07-27T18:09:00+05:30,8063.0,8081.0,8063.0,8078.0,46,12654
2026-07-27T18:08:00+05:30,8079.0,8081.0,8065.0,8065.0,48,12658
2026-07-27T18:07:00+05:30,8082.0,8084.0,8074.0,8076.0,47,12654
2026-07-27T18:06:00+05:30,8071.0,8085.0,8071.0,8079.0,68,12645
2026-07-27T18:05:00+05:30,8075.0,8075.0,8062.0,8069.0,156,12651
2026-07-27T18:04:00+05:30,8089.0,8090.0,8071.0,8072.0,121,12666
2026-07-27T18:03:00+05:30,8097.0,8103.0,8089.0,8091.0,223,12699
2026-07-27T18:02:00+05:30,8103.0,8107.0,8093.0,8100.0,107,12696
2026-07-27T18:01:00+05:30,8094.0,8109.0,8093.0,8109.0,311,12704
2026-07-27T18:00:00+05:30,8091.0,8094.0,8091.0,8093.0,39,12830
2026-07-27T17:59:00+05:30,8089.0,8094.0,8088.0,8094.0,33,12838
2026-07-27T17:58:00+05:30,8086.0,8092.0,8086.0,8092.0,40,12835
2026-07-27T17:57:00+05:30,8085.0,8089.0,8083.0,8084.0,72,12824
2026-07-27T17:56:00+05:30,8079.0,8088.0,8079.0,8087.0,32,12863
2026-07-27T17:55:00+05:30,8080.0,8082.0,8075.0,8078.0,96,12867
2026-07-27T17:54:00+05:30,8086.0,8089.0,8083.0,8086.0,28,12865
2026-07-27T17:53:00+05:30,8091.0,8094.0,8083.0,8084.0,60,12841
2026-07-27T17:52:00+05:30,8098.0,8100.0,8087.0,8089.0,51,12638
2026-07-27T17:51:00+05:30,8097.0,8105.0,8093.0,8096.0,134,12649
2026-07-27T17:50:00+05:30,8097.0,8101.0,8092.0,8096.0,458,12703
2026-07-27T17:49:00+05:30,8077.0,8100.0,8076.0,8098.0,239,12713
2026-07-27T17:48:00+05:30,8082.0,8083.0,8076.0,8076.0,75,12708
2026-07-27T17:47:00+05:30,8079.0,8083.0,8078.0,8083.0,66,12737
2026-07-27T17:46:00+05:30,8084.0,8091.0,8080.0,8080.0,178,12894
2026-07-27T17:45:00+05:30,8089.0,8089.0,8077.0,8083.0,126,12712
2026-07-27T17:44:00+05:30,8089.0,8093.0,8083.0,8088.0,701,12725
2026-07-27T17:43:00+05:30,8077.0,8095.0,8076.0,8088.0,339,12750
2026-07-27T17:42:00+05:30,8072.0,8078.0,8065.0,8076.0,189,12693
2026-07-27T17:41:00+05:30,8062.0,8082.0,8059.0,8075.0,923,12639
2026-07-27T17:40:00+05:30,8049.0,8060.0,8048.0,8060.0,117,12743
2026-07-27T17:39:00+05:30,8054.0,8056.0,8045.0,8056.0,45,12776
2026-07-27T17:38:00+05:30,8043.0,8059.0,8043.0,8055.0,309,12730
2026-07-27T17:37:00+05:30,8050.0,8052.0,8043.0,8044.0,71,12755
2026-07-27T17:36:00+05:30,8039.0,8048.0,8037.0,8048.0,76,12762
2026-07-27T17:35:00+05:30,8035.0,8041.0,8035.0,8037.0,116,12762
2026-07-27T17:34:00+05:30,8032.0,8035.0,8030.0,8033.0,230,12760
2026-07-27T17:33:00+05:30,8029.0,8034.0,8028.0,8033.0,63,12710
2026-07-27T17:32:00+05:30,8032.0,8036.0,8025.0,8030.0,69,12696
2026-07-27T17:31:00+05:30,8030.0,8033.0,8027.0,8033.0,68,12692
2026-07-27T17:30:00+05:30,8017.0,8031.0,8017.0,8031.0,96,12720
2026-07-27T17:29:00+05:30,8012.0,8016.0,8011.0,8014.0,56,12720
2026-07-27T17:28:00+05:30,8003.0,8015.0,8003.0,8013.0,117,12711
2026-07-27T17:27:00+05:30,8005.0,8005.0,8001.0,8001.0,5,12721
2026-07-27T17:26:00+05:30,8007.0,8007.0,8007.0,8007.0,5,12719
2026-07-27T17:25:00+05:30,8008.0,8010.0,8003.0,8006.0,161,12735
2026-07-27T17:24:00+05:30,8005.0,8007.0,8003.0,8007.0,7,12737
2026-07-27T17:23:00+05:30,7999.0,8005.0,7999.0,8002.0,20,12734
2026-07-27T17:22:00+05:30,8007.0,8007.0,8000.0,8000.0,27,12725
2026-07-27T17:21:00+05:30,8005.0,8009.0,8000.0,8003.0,48,12715
2026-07-27T17:20:00+05:30,8008.0,8015.0,8001.0,8001.0,45,12719
2026-07-27T17:19:00+05:30,8010.0,8015.0,7997.0,8004.0,62,12710
2026-07-27T17:18:00+05:30,8004.0,8010.0,7999.0,8000.0,57,12708
2026-07-27T17:17:00+05:30,8001.0,8002.0,7998.0,8001.0,40,12731
2026-07-27T17:16:00+05:30,7996.0,8013.0,7995.0,8009.0,25,12732
2026-07-27T17:15:00+05:30,8004.0,8007.0,7999.0,7999.0,59,12728
2026-07-27T17:14:00+05:30,7996.0,8006.0,7996.0,8005.0,50,12741
2026-07-27T17:13:00+05:30,7989.0,8031.0,7988.0,8000.0,357,12717
2026-07-27T17:12:00+05:30,8000.0,8001.0,7988.0,7988.0,66,12744
2026-07-27T17:11:00+05:30,8008.0,8009.0,8001.0,8001.0,31,12742
2026-07-27T17:10:00+05:30,8009.0,8012.0,8004.0,8006.0,44,12744
2026-07-27T17:09:00+05:30,7997.0,8009.0,7997.0,8007.0,37,12724
2026-07-27T17:08:00+05:30,8000.0,8001.0,7995.0,7996.0,25,12732
2026-07-27T17:07:00+05:30,8001.0,8006.0,7997.0,7997.0,29,12731
2026-07-27T17:06:00+05:30,7995.0,8000.0,7992.0,7999.0,65,12736
2026-07-27T17:05:00+05:30,7995.0,7998.0,7988.0,7997.0,165,12722
2026-07-27T17:04:00+05:30,8005.0,8005.0,7995.0,7997.0,98,12702
2026-07-27T17:03:00+05:30,8008.0,8016.0,8007.0,8008.0,70,12706
2026-07-27T17:02:00+05:30,8015.0,8016.0,8005.0,8007.0,50,12725
2026-07-27T17:01:00+05:30,8013.0,8017.0,8007.0,8014.0,154,12713
2026-07-27T17:00:00+05:30,8069.0,8069.0,8009.0,8012.0,580,12855
2026-07-27T16:59:00+05:30,8021.0,8053.0,8016.0,8053.0,665,12827
2026-07-27T16:58:00+05:30,8017.0,8020.0,8015.0,8020.0,19,12826
2026-07-27T16:57:00+05:30,8022.0,8022.0,8015.0,8016.0,59,12831
2026-07-27T16:56:00+05:30,8022.0,8035.0,8021.0,8025.0,108,12812
2026-07-27T16:55:00+05:30,8015.0,8025.0,8015.0,8021.0,26,12839
2026-07-27T16:54:00+05:30,8015.0,8018.0,8013.0,8013.0,32,12852
2026-07-27T16:53:00+05:30,8019.0,8019.0,8011.0,8019.0,56,12850
2026-07-27T16:52:00+05:30,8020.0,8020.0,8017.0,8017.0,42,12816
2026-07-27T16:51:00+05:30,8020.0,8028.0,8020.0,8026.0,15,12800
2026-07-27T16:50:00+05:30,8028.0,8029.0,8019.0,8022.0,25,12807
2026-07-27T16:49:00+05:30,8014.0,8027.0,8013.0,8027.0,34,12800
2026-07-27T16:48:00+05:30,8008.0,8018.0,8008.0,8018.0,27,12812
2026-07-27T16:47:00+05:30,8015.0,8018.0,8006.0,8007.0,30,12810
2026-07-27T16:46:00+05:30,8016.0,8019.0,8016.0,8017.0,17,12809
2026-07-27T16:45:00+05:30,8020.0,8023.0,8017.0,8017.0,53,12814
2026-07-27T16:44:00+05:30,8024.0,8030.0,8022.0,8022.0,48,12834
2026-07-27T16:43:00+05:30,8019.0,8027.0,8019.0,8022.0,141,12863
2026-07-27T16:42:00+05:30,8019.0,8023.0,8017.0,8021.0,28,12820
2026-07-27T16:41:00+05:30,8011.0,8020.0,8011.0,8020.0,74,12834
2026-07-27T16:40:00+05:30,8006.0,8010.0,8005.0,8010.0,13,12808
2026-07-27T16:39:00+05:30,8009.0,8009.0,8005.0,8008.0,30,12807
2026-07-27T16:38:00+05:30,8011.0,8014.0,8009.0,8010.0,19,12797
2026-07-27T16:37:00+05:30,8013.0,8020.0,8013.0,8016.0,134,12788
2026-07-27T16:36:00+05:30,8003.0,8011.0,8003.0,8011.0,15,12897
2026-07-27T16:35:00+05:30,8018.0,8018.0,8004.0,8004.0,43,12894
2026-07-27T16:34:00+05:30,8016.0,8017.0,8013.0,8014.0,18,12896
2026-07-27T16:33:00+05:30,8016.0,8018.0,8007.0,8011.0,63,12898
2026-07-27T16:32:00+05:30,8007.0,8017.0,8006.0,8017.0,64,12892
2026-07-27T16:31:00+05:30,8008.0,8010.0,8000.0,8005.0,47,12877
2026-07-27T16:30:00+05:30,8010.0,8010.0,8001.0,8007.0,39,12866
2026-07-27T16:29:00+05:30,8011.0,8014.0,8007.0,8007.0,257,12876
2026-07-27T16:28:00+05:30,8001.0,8012.0,8001.0,8012.0,130,12833
2026-07-27T16:27:00+05:30,7996.0,7999.0,7996.0,7999.0,8,12853
2026-07-27T16:26:00+05:30,7991.0,7998.0,7988.0,7998.0,128,12865
2026-07-27T16:25:00+05:30,7979.0,7990.0,7978.0,7989.0,1051,12845
2026-07-27T16:24:00+05:30,7990.0,7990.0,7987.0,7990.0,11,12766
2026-07-27T16:23:00+05:30,7990.0,7990.0,7984.0,7986.0,40,12755
2026-07-27T16:22:00+05:30,7997.0,8001.0,7992.0,7992.0,23,12764
2026-07-27T16:21:00+05:30,8008.0,8008.0,7996.0,7996.0,44,12770
2026-07-27T16:20:00+05:30,7993.0,8014.0,7993.0,8010.0,108,12772
2026-07-27T16:19:00+05:30,7997.0,8002.0,7995.0,7995.0,23,12777
2026-07-27T16:18:00+05:30,7999.0,8004.0,7998.0,8003.0,112,12778
2026-07-27T16:17:00+05:30,7994.0,8000.0,7992.0,8000.0,211,12843
2026-07-27T16:16:00+05:30,7990.0,7996.0,7990.0,7996.0,40,12767
2026-07-27T16:15:00+05:30,7989.0,7989.0,7986.0,7987.0,19,12758
2026-07-27T16:14:00+05:30,7983.0,7987.0,7982.0,7987.0,9,12757
2026-07-27T16:13:00+05:30,7986.0,7986.0,7986.0,7986.0,2,12762
2026-07-27T16:12:00+05:30,7985.0,7990.0,7985.0,7990.0,9,12762
2026-07-27T16:11:00+05:30,7987.0,7993.0,7987.0,7990.0,12,12756
2026-07-27T16:10:00+05:30,7984.0,7991.0,7983.0,7986.0,120,12760
2026-07-27T16:09:00+05:30,7985.0,7989.0,7984.0,7987.0,22,12761
2026-07-27T16:08:00+05:30,7996.0,7996.0,7987.0,7991.0,23,12747
2026-07-27T16:07:00+05:30,7988.0,7994.0,7988.0,7994.0,10,12732
2026-07-27T16:06:00+05:30,7991.0,7994.0,7987.0,7994.0,32,12732
2026-07-27T16:05:00+05:30,7991.0,7996.0,7988.0,7994.0,48,12729
2026-07-27T16:04:00+05:30,7994.0,7996.0,7991.0,7994.0,39,12705
2026-07-27T16:03:00+05:30,7982.0,7997.0,7982.0,7996.0,47,12731
2026-07-27T16:02:00+05:30,7987.0,7987.0,7981.0,7981.0,29,12733
2026-07-27T16:01:00+05:30,7984.0,7990.0,7984.0,7990.0,39,12716
2026-07-27T16:00:00+05:30,7979.0,7981.0,7976.0,7981.0,74,12723
2026-07-27T15:59:00+05:30,7984.0,7988.0,7982.0,7982.0,45,12703
2026-07-27T15:58:00+05:30,7998.0,7998.0,7982.0,7985.0,183,12699
2026-07-27T15:57:00+05:30,8001.0,8002.0,7995.0,7995.0,25,12797
2026-07-27T15:56:00+05:30,7993.0,8001.0,7988.0,8000.0,150,12800
2026-07-27T15:55:00+05:30,7996.0,7996.0,7987.0,7988.0,67,12820
2026-07-27T15:54:00+05:30,7996.0,8000.0,7992.0,7997.0,71,12812
2026-07-27T15:53:00+05:30,7987.0,8001.0,7987.0,7994.0,149,12857
2026-07-27T15:52:00+05:30,7975.0,7991.0,7968.0,7991.0,362,12839
2026-07-27T15:51:00+05:30,7984.0,7989.0,7974.0,7976.0,624,12869
2026-07-27T15:50:00+05:30,7979.0,7986.0,7979.0,7985.0,195,12869
2026-07-27T15:49:00+05:30,7977.0,7984.0,7974.0,7980.0,239,12853
2026-07-27T15:48:00+05:30,7979.0,7980.0,7975.0,7975.0,86,12882
2026-07-27T15:47:00+05:30,7996.0,7998.0,7968.0,7977.0,503,12864
2026-07-27T15:46:00+05:30,8015.0,8015.0,7995.0,7995.0,581,12732
2026-07-27T15:45:00+05:30,8004.0,8014.0,7990.0,8013.0,275,12671
2026-07-27T15:44:00+05:30,8014.0,8017.0,8002.0,8006.0,163,12648
2026-07-27T15:43:00+05:30,8022.0,8022.0,8009.0,8015.0,148,12647
2026-07-27T15:42:00+05:30,8026.0,8030.0,8016.0,8023.0,667,12658
2026-07-27T15:41:00+05:30,7999.0,8031.0,7999.0,8030.0,624,12825
2026-07-27T15:40:00+05:30,7973.0,8005.0,7969.0,8005.0,831,12962
2026-07-27T15:39:00+05:30,7952.0,7976.0,7952.0,7970.0,352,13028
2026-07-27T15:38:00+05:30,7949.0,7955.0,7947.0,7954.0,128,12972
2026-07-27T15:37:00+05:30,7952.0,7954.0,7948.0,7952.0,89,12978
2026-07-27T15:36:00+05:30,7930.0,7956.0,7930.0,7956.0,273,12998
2026-07-27T15:35:00+05:30,7926.0,7933.0,7926.0,7933.0,62,12939
2026-07-27T15:34:00+05:30,7927.0,7927.0,7918.0,7927.0,122,12948
2026-07-27T15:33:00+05:30,7923.0,7930.0,7918.0,7929.0,159,12965
2026-07-27T15:32:00+05:30,7917.0,7924.0,7913.0,7924.0,101,12958
2026-07-27T15:31:00+05:30,7920.0,7923.0,7916.0,7918.0,63,12943
2026-07-27T15:30:00+05:30,7921.0,7927.0,7916.0,7921.0,892,12894
2026-07-27T15:29:00+05:30,7908.0,7917.0,7899.0,7915.0,170,13130
2026-07-27T15:28:00+05:30,7903.0,7905.0,7897.0,7905.0,86,13032
2026-07-27T15:27:00+05:30,7897.0,7906.0,7897.0,7906.0,137,13042
2026-07-27T15:26:00+05:30,7908.0,7908.0,7894.0,7900.0,314,13008
2026-07-27T15:25:00+05:30,7909.0,7916.0,7905.0,7909.0,100,13120
2026-07-27T15:24:00+05:30,7912.0,7918.0,7905.0,7912.0,152,13108
2026-07-27T15:23:00+05:30,7921.0,7921.0,7908.0,7913.0,97,13050
2026-07-27T15:22:00+05:30,7915.0,7925.0,7912.0,7925.0,149,13075
2026-07-27T15:21:00+05:30,7930.0,7930.0,7915.0,7918.0,153,13017
2026-07-27T15:20:00+05:30,7930.0,7935.0,7928.0,7933.0,42,13025
2026-07-27T15:19:00+05:30,7933.0,7933.0,7929.0,7931.0,88,13032
2026-07-27T15:18:00+05:30,7925.0,7933.0,7925.0,7930.0,193,13066
2026-07-27T15:17:00+05:30,7930.0,7936.0,7925.0,7926.0,224,13007
2026-07-27T15:16:00+05:30,7939.0,7941.0,7931.0,7938.0,505,12869
2026-07-27T15:15:00+05:30,7940.0,7943.0,7937.0,7937.0,59,13008
2026-07-27T15:14:00+05:30,7951.0,7951.0,7936.0,7939.0,64,12994
2026-07-27T15:13:00+05:30,7959.0,7962.0,7948.0,7948.0,50,12986
2026-07-27T15:12:00+05:30,7960.0,7969.0,7959.0,7961.0,123,12986
2026-07-27T15:11:00+05:30,7953.0,7967.0,7952.0,7963.0,40,12924
2026-07-27T15:10:00+05:30,7963.0,7967.0,7958.0,7958.0,44,12923
2026-07-27T15:09:00+05:30,7961.0,7965.0,7957.0,7964.0,41,12949
2026-07-27T15:08:00+05:30,7965.0,7965.0,7960.0,7960.0,10,12935
2026-07-27T15:07:00+05:30,7963.0,7968.0,7961.0,7966.0,121,12933
2026-07-27T15:06:00+05:30,7958.0,7967.0,7958.0,7964.0,577,12983
2026-07-27T15:05:00+05:30,7945.0,7960.0,7944.0,7955.0,316,12703
2026-07-27T15:04:00+05:30,7942.0,7946.0,7936.0,7940.0,167,12850
2026-07-27T15:03:00+05:30,7932.0,7954.0,7932.0,7947.0,204,12831
2026-07-27T15:02:00+05:30,7943.0,7945.0,7922.0,7934.0,353,12835
2026-07-27T15:01:00+05:30,7949.0,7953.0,7930.0,7942.0,213,12984
2026-07-27T15:00:00+05:30,7947.0,7960.0,7947.0,7951.0,156,12927
2026-07-27T14:59:00+05:30,7942.0,7951.0,7942.0,7951.0,140,13023
2026-07-27T14:58:00+05:30,7945.0,7956.0,7943.0,7944.0,200,13017
2026-07-27T14:57:00+05:30,7946.0,7946.0,7935.0,7941.0,213,12996
2026-07-27T14:56:00+05:30,7950.0,7954.0,7940.0,7947.0,549,13049
2026-07-27T14:55:00+05:30,7983.0,7983.0,7952.0,7957.0,386,12833
2026-07-27T14:54:00+05:30,7987.0,7987.0,7980.0,7980.0,17,12804
2026-07-27T14:53:00+05:30,7994.0,7995.0,7981.0,7986.0,48,12791
2026-07-27T14:52:00+05:30,7994.0,7997.0,7991.0,7995.0,19,12812
2026-07-27T14:51:00+05:30,8001.0,8001.0,7995.0,7995.0,12,12805
2026-07-27T14:50:00+05:30,8001.0,8003.0,8000.0,8000.0,32,12804
2026-07-27T14:49:00+05:30,7992.0,8000.0,7991.0,8000.0,22,12813
2026-07-27T14:48:00+05:30,7983.0,7996.0,7983.0,7996.0,33,12814
2026-07-27T14:47:00+05:30,7982.0,7987.0,7978.0,7987.0,67,12817
2026-07-27T14:46:00+05:30,7980.0,7985.0,7979.0,7983.0,177,12813
2026-07-27T14:45:00+05:30,7993.0,7993.0,7976.0,7976.0,134,12695
2026-07-27T14:44:00+05:30,7988.0,7998.0,7988.0,7998.0,29,12717
2026-07-27T14:43:00+05:30,7988.0,7988.0,7985.0,7987.0,26,12688
2026-07-27T14:42:00+05:30,7985.0,7990.0,7985.0,7986.0,18,12685
2026-07-27T14:41:00+05:30,7987.0,7992.0,7985.0,7986.0,199,12681
2026-07-27T14:40:00+05:30,7999.0,7999.0,7989.0,7989.0,63,12747
2026-07-27T14:39:00+05:30,8001.0,8001.0,7995.0,7997.0,27,12800
2026-07-27T14:38:00+05:30,7998.0,8003.0,7994.0,7999.0,35,12809
2026-07-27T14:37:00+05:30,7987.0,8003.0,7987.0,7995.0,146,12821
2026-07-27T14:36:00+05:30,8005.0,8005.0,7984.0,7990.0,212,12754
2026-07-27T14:35:00+05:30,8000.0,8003.0,7997.0,7997.0,82,12828
2026-07-27T14:34:00+05:30,7997.0,8003.0,7993.0,7999.0,75,12828
2026-07-27T14:33:00+05:30,7984.0,7998.0,7983.0,7998.0,116,12822
2026-07-27T14:32:00+05:30,7985.0,7990.0,7984.0,7990.0,94,12787
2026-07-27T14:31:00+05:30,7990.0,7991.0,7985.0,7986.0,32,12782
2026-07-27T14:30:00+05:30,7975.0,7994.0,7975.0,7993.0,157,12789
2026-07-27T14:29:00+05:30,7977.0,7979.0,7966.0,7966.0,47,12766
2026-07-27T14:28:00+05:30,7965.0,7973.0,7961.0,7969.0,412,12776
2026-07-27T14:27:00+05:30,7981.0,7985.0,7965.0,7966.0,418,12707
2026-07-27T14:26:00+05:30,7970.0,7983.0,7965.0,7979.0,144,12768
2026-07-27T14:25:00+05:30,7973.0,7983.0,7972.0,7972.0,277,12771
2026-07-27T14:24:00+05:30,7996.0,7996.0,7968.0,7972.0,727,12675
2026-07-27T14:23:00+05:30,7997.0,8002.0,7993.0,7997.0,214,12701
2026-07-27T14:22:00+05:30,8006.0,8015.0,7996.0,8002.0,272,12809
2026-07-27T14:21:00+05:30,8012.0,8012.0,8002.0,8007.0,209,12820
2026-07-27T14:20:00+05:30,8021.0,8021.0,8008.0,8011.0,107,12860
2026-07-27T14:19:00+05:30,8017.0,8026.0,8017.0,8024.0,24,12910
2026-07-27T14:18:00+05:30,8026.0,8027.0,8019.0,8019.0,24,12902
2026-07-27T14:17:00+05:30,8039.0,8039.0,8030.0,8030.0,30,12902
2026-07-27T14:16:00+05:30,8034.0,8038.0,8030.0,8037.0,104,12904
2026-07-27T14:15:00+05:30,8020.0,8032.0,8012.0,8032.0,88,12942
2026-07-27T14:14:00+05:30,8029.0,8029.0,8018.0,8023.0,182,12951
2026-07-27T14:13:00+05:30,8025.0,8034.0,8024.0,8030.0,151,12868
2026-07-27T14:12:00+05:30,8028.0,8029.0,8013.0,8023.0,238,12806
2026-07-27T14:11:00+05:30,8040.0,8040.0,8025.0,8027.0,217,12808
2026-07-27T14:10:00+05:30,8057.0,8057.0,8037.0,8038.0,143,12858
2026-07-27T14:09:00+05:30,8068.0,8070.0,8058.0,8058.0,26,12901
2026-07-27T14:08:00+05:30,8061.0,8070.0,8061.0,8064.0,46,12900
2026-07-27T14:07:00+05:30,8055.0,8069.0,8055.0,8065.0,24,12888
2026-07-27T14:06:00+05:30,8058.0,8068.0,8057.0,8057.0,34,12882
2026-07-27T14:05:00+05:30,8051.0,8070.0,8051.0,8064.0,258,12880
2026-07-27T14:04:00+05:30,8045.0,8057.0,8033.0,8055.0,321,12908
2026-07-27T14:03:00+05:30,8049.0,8058.0,8040.0,8044.0,94,12851
2026-07-27T14:02:00+05:30,8049.0,8053.0,8049.0,8053.0,34,12882
2026-07-27T14:01:00+05:30,8050.0,8058.0,8046.0,8048.0,179,12877
2026-07-27T14:00:00+05:30,8044.0,8054.0,8020.0,8054.0,508,12960
2026-07-27T13:59:00+05:30,8063.0,8063.0,8038.0,8046.0,682,12796
2026-07-27T13:58:00+05:30,8077.0,8078.0,8067.0,8070.0,219,12780
2026-07-27T13:57:00+05:30,8082.0,8083.0,8067.0,8068.0,146,12657
2026-07-27T13:56:00+05:30,8075.0,8082.0,8071.0,8074.0,71,12709
2026-07-27T13:55:00+05:30,8076.0,8079.0,8071.0,8071.0,29,12727
2026-07-27T13:54:00+05:30,8073.0,8079.0,8068.0,8079.0,38,12733
2026-07-27T13:53:00+05:30,8072.0,8077.0,8071.0,8077.0,36,12752
2026-07-27T13:52:00+05:30,8070.0,8071.0,8065.0,8071.0,110,12765
2026-07-27T13:51:00+05:30,8069.0,8070.0,8061.0,8067.0,88,12735
2026-07-27T13:50:00+05:30,8078.0,8078.0,8069.0,8071.0,34,12718
2026-07-27T13:49:00+05:30,8075.0,8076.0,8063.0,8074.0,82,12707
2026-07-27T13:48:00+05:30,8094.0,8094.0,8078.0,8080.0,85,12701
2026-07-27T13:47:00+05:30,8100.0,8100.0,8086.0,8089.0,54,12706
2026-07-27T13:46:00+05:30,8114.0,8114.0,8095.0,8099.0,48,12705
2026-07-27T13:45:00+05:30,8106.0,8112.0,8104.0,8112.0,18,12701
2026-07-27T13:44:00+05:30,8099.0,8108.0,8099.0,8104.0,9,12703
2026-07-27T13:43:00+05:30,8120.0,8123.0,8100.0,8100.0,63,12701
2026-07-27T13:42:00+05:30,8114.0,8120.0,8114.0,8117.0,74,12700
2026-07-27T13:41:00+05:30,8106.0,8110.0,8098.0,8110.0,62,12666
2026-07-27T13:40:00+05:30,8106.0,8106.0,8102.0,8104.0,23,12682
2026-07-27T13:39:00+05:30,8103.0,8111.0,8101.0,8108.0,55,12678
2026-07-27T13:38:00+05:30,8090.0,8100.0,8087.0,8100.0,224,12680
2026-07-27T13:37:00+05:30,8125.0,8125.0,8087.0,8091.0,1047,12631
2026-07-27T13:36:00+05:30,8138.0,8139.0,8123.0,8124.0,74,12619
2026-07-27T13:35:00+05:30,8150.0,8152.0,8140.0,8140.0,130,12619
2026-07-27T13:34:00+05:30,8153.0,8156.0,8148.0,8148.0,103,12613
2026-07-27T13:33:00+05:30,8147.0,8158.0,8144.0,8152.0,294,12583
2026-07-27T13:32:00+05:30,8143.0,8149.0,8136.0,8142.0,194,12654
2026-07-27T13:31:00+05:30,8119.0,8140.0,8116.0,8140.0,127,12613
2026-07-27T13:30:00+05:30,8140.0,8143.0,8117.0,8122.0,359,12597
2026-07-27T13:29:00+05:30,8098.0,8130.0,8098.0,8130.0,120,12714
2026-07-27T13:28:00+05:30,8073.0,8103.0,8070.0,8103.0,89,12702
2026-07-27T13:27:00+05:30,8078.0,8078.0,8068.0,8072.0,14,12697
2026-07-27T13:26:00+05:30,8073.0,8077.0,8070.0,8076.0,71,12699
2026-07-27T13:25:00+05:30,8088.0,8088.0,8063.0,8072.0,173,12674
2026-07-27T13:24:00+05:30,8084.0,8093.0,8081.0,8086.0,105,12724
2026-07-27T13:23:00+05:30,8093.0,8094.0,8072.0,8079.0,35,12663
2026-07-27T13:22:00+05:30,8083.0,8098.0,8083.0,8088.0,38,12673
2026-07-27T13:21:00+05:30,8100.0,8102.0,8080.0,8081.0,150,12682
2026-07-27T13:20:00+05:30,8088.0,8105.0,8088.0,8105.0,205,12591
2026-07-27T13:19:00+05:30,8113.0,8113.0,8086.0,8086.0,113,12754
2026-07-27T13:18:00+05:30,8102.0,8116.0,8101.0,8114.0,178,12837
2026-07-27T13:17:00+05:30,8089.0,8101.0,8089.0,8101.0,101,12808
2026-07-27T13:16:00+05:30,8100.0,8106.0,8083.0,8083.0,524,12794
2026-07-27T13:15:00+05:30,8099.0,8100.0,8086.0,8090.0,799,12614
2026-07-27T13:14:00+05:30,8099.0,8105.0,8093.0,8097.0,175,12735
2026-07-27T13:13:00+05:30,8091.0,8101.0,8091.0,8092.0,33,12815
2026-07-27T13:12:00+05:30,8085.0,8095.0,8081.0,8095.0,130,12817
2026-07-27T13:11:00+05:30,8082.0,8090.0,8082.0,8087.0,44,12741
2026-07-27T13:10:00+05:30,8091.0,8091.0,8079.0,8081.0,47,12729
2026-07-27T13:09:00+05:30,8095.0,8095.0,8090.0,8092.0,18,12737
2026-07-27T13:08:00+05:30,8082.0,8096.0,8082.0,8091.0,39,12740
2026-07-27T13:07:00+05:30,8081.0,8088.0,8077.0,8087.0,22,12747
2026-07-27T13:06:00+05:30,8079.0,8088.0,8077.0,8088.0,56,12748
2026-07-27T13:05:00+05:30,8090.0,8092.0,8072.0,8078.0,68,12728
2026-07-27T13:04:00+05:30,8100.0,8108.0,8096.0,8096.0,153,12733
2026-07-27T13:03:00+05:30,8105.0,8105.0,8098.0,8099.0,84,12796
2026-07-27T13:02:00+05:30,8096.0,8102.0,8092.0,8102.0,107,12830
2026-07-27T13:01:00+05:30,8092.0,8105.0,8091.0,8097.0,157,12840
2026-07-27T13:00:00+05:30,8084.0,8095.0,8083.0,8091.0,64,12891
2026-07-27T12:59:00+05:30,8085.0,8085.0,8076.0,8081.0,36,12900
2026-07-27T12:58:00+05:30,8077.0,8087.0,8074.0,8082.0,77,12910
2026-07-27T12:57:00+05:30,8072.0,8078.0,8069.0,8074.0,175,12944
2026-07-27T12:56:00+05:30,8076.0,8079.0,8068.0,8068.0,148,12855
2026-07-27T12:55:00+05:30,8060.0,8080.0,8058.0,8079.0,258,12966
2026-07-27T12:54:00+05:30,8063.0,8063.0,8055.0,8061.0,21,12837
2026-07-27T12:53:00+05:30,8049.0,8064.0,8045.0,8064.0,193,12843
2026-07-27T12:52:00+05:30,8044.0,8046.0,8043.0,8046.0,24,12791
2026-07-27T12:51:00+05:30,8043.0,8043.0,8037.0,8043.0,35,12798
2026-07-27T12:50:00+05:30,8038.0,8043.0,8038.0,8040.0,209,12813
2026-07-27T12:49:00+05:30,8043.0,8050.0,8035.0,8035.0,205,12937
2026-07-27T12:48:00+05:30,8045.0,8049.0,8040.0,8041.0,29,12909
2026-07-27T12:47:00+05:30,8041.0,8052.0,8041.0,8048.0,21,12909
2026-07-27T12:46:00+05:30,8048.0,8048.0,8035.0,8042.0,182,12920
2026-07-27T12:45:00+05:30,8046.0,8054.0,8043.0,8054.0,118,12844
2026-07-27T12:44:00+05:30,8048.0,8056.0,8045.0,8048.0,92,12798
2026-07-27T12:43:00+05:30,8063.0,8063.0,8044.0,8044.0,124,12771
2026-07-27T12:42:00+05:30,8067.0,8069.0,8061.0,8064.0,92,12773
2026-07-27T12:41:00+05:30,8064.0,8067.0,8058.0,8066.0,111,12808
2026-07-27T12:40:00+05:30,8076.0,8079.0,8061.0,8063.0,113,12755
2026-07-27T12:39:00+05:30,8081.0,8084.0,8078.0,8079.0,119,12708
2026-07-27T12:38:00+05:30,8087.0,8088.0,8082.0,8082.0,20,12638
2026-07-27T12:37:00+05:30,8088.0,8089.0,8081.0,8086.0,40,12639
2026-07-27T12:36:00+05:30,8088.0,8090.0,8083.0,8090.0,82,12647
2026-07-27T12:35:00+05:30,8093.0,8096.0,8082.0,8085.0,124,12641
2026-07-27T12:34:00+05:30,8086.0,8100.0,8082.0,8088.0,457,12683
2026-07-27T12:33:00+05:30,8076.0,8088.0,8076.0,8087.0,204,12615
2026-07-27T12:32:00+05:30,8054.0,8078.0,8054.0,8078.0,213,12699
2026-07-27T12:31:00+05:30,8039.0,8057.0,8031.0,8057.0,345,12750
2026-07-27T12:30:00+05:30,8050.0,8051.0,8035.0,8036.0,150,12630
2026-07-27T12:29:00+05:30,8047.0,8050.0,8042.0,8045.0,39,12606
2026-07-27T12:28:00+05:30,8047.0,8050.0,8044.0,8050.0,55,12612
2026-07-27T12:27:00+05:30,8066.0,8066.0,8041.0,8048.0,205,12622
2026-07-27T12:26:00+05:30,8061.0,8063.0,8060.0,8060.0,15,12593
2026-07-27T12:25:00+05:30,8059.0,8066.0,8059.0,8066.0,47,12592
2026-07-27T12:24:00+05:30,8055.0,8060.0,8055.0,8060.0,43,12579
2026-07-27T12:23:00+05:30,8052.0,8056.0,8046.0,8054.0,116,12590
2026-07-27T12:22:00+05:30,8059.0,8062.0,8054.0,8055.0,143,12612
2026-07-27T12:21:00+05:30,8080.0,8080.0,8065.0,8065.0,35,12602
2026-07-27T12:20:00+05:30,8067.0,8079.0,8067.0,8079.0,42,12618
2026-07-27T12:19:00+05:30,8069.0,8069.0,8061.0,8065.0,203,12612
2026-07-27T12:18:00+05:30,8067.0,8070.0,8061.0,8067.0,75,12629
2026-07-27T12:17:00+05:30,8078.0,8078.0,8065.0,8069.0,41,12634
2026-07-27T12:16:00+05:30,8077.0,8082.0,8077.0,8079.0,162,12639
2026-07-27T12:15:00+05:30,8067.0,8085.0,8067.0,8082.0,109,12639
2026-07-27T12:14:00+05:30,8078.0,8078.0,8067.0,8074.0,58,12613
2026-07-27T12:13:00+05:30,8082.0,8085.0,8077.0,8080.0,220,12630
2026-07-27T12:12:00+05:30,8092.0,8092.0,8083.0,8083.0,19,12575
2026-07-27T12:11:00+05:30,8081.0,8091.0,8078.0,8088.0,190,12563
2026-07-27T12:10:00+05:30,8077.0,8082.0,8065.0,8082.0,105,12659
2026-07-27T12:09:00+05:30,8076.0,8081.0,8076.0,8080.0,123,12634
2026-07-27T12:08:00+05:30,8072.0,8082.0,8066.0,8081.0,190,12708
2026-07-27T12:07:00+05:30,8079.0,8079.0,8072.0,8074.0,36,12711
2026-07-27T12:06:00+05:30,8072.0,8084.0,8071.0,8081.0,173,12717
2026-07-27T12:05:00+05:30,8086.0,8092.0,8070.0,8071.0,243,12648
2026-07-27T12:04:00+05:30,8093.0,8093.0,8085.0,8085.0,46,12619
2026-07-27T12:03:00+05:30,8095.0,8096.0,8085.0,8085.0,37,12635
2026-07-27T12:02:00+05:30,8093.0,8095.0,8093.0,8094.0,41,12648
2026-07-27T12:01:00+05:30,8090.0,8094.0,8087.0,8092.0,42,12655
2026-07-27T12:00:00+05:30,8084.0,8090.0,8084.0,8089.0,25,12658
2026-07-27T11:59:00+05:30,8083.0,8089.0,8080.0,8083.0,110,12657
2026-07-27T11:58:00+05:30,8080.0,8089.0,8080.0,8084.0,79,12721
2026-07-27T11:57:00+05:30,8082.0,8082.0,8071.0,8079.0,96,12693
2026-07-27T11:56:00+05:30,8081.0,8085.0,8077.0,8080.0,120,12704
2026-07-27T11:55:00+05:30,8094.0,8094.0,8083.0,8085.0,124,12698
2026-07-27T11:54:00+05:30,8094.0,8096.0,8093.0,8096.0,175,12683
2026-07-27T11:53:00+05:30,8088.0,8088.0,8088.0,8088.0,0,12639
2026-07-27T11:52:00+05:30,8088.0,8088.0,8088.0,8088.0,0,12639
2026-07-27T11:51:00+05:30,8088.0,8088.0,8088.0,8088.0,0,12639
2026-07-27T11:50:00+05:30,8088.0,8088.0,8088.0,8088.0,0,12639
2026-07-27T11:49:00+05:30,8088.0,8088.0,8088.0,8088.0,0,12639
2026-07-27T11:48:00+05:30,8088.0,8088.0,8088.0,8088.0,0,12639
2026-07-27T11:47:00+05:30,8088.0,8088.0,8088.0,8088.0,0,12639
2026-07-27T11:46:00+05:30,8091.0,8091.0,8088.0,8088.0,286,12639
2026-07-27T11:45:00+05:30,8088.0,8088.0,8088.0,8088.0,0,12690
2026-07-27T11:44:00+05:30,8093.0,8095.0,8088.0,8088.0,209,12690
2026-07-27T11:43:00+05:30,8088.0,8088.0,8088.0,8088.0,0,12723
2026-07-27T11:42:00+05:30,8088.0,8088.0,8088.0,8088.0,0,12723
2026-07-27T11:41:00+05:30,8088.0,8088.0,8088.0,8088.0,12,12723
2026-07-27T11:40:00+05:30,8106.0,8106.0,8088.0,8091.0,810,12723
2026-07-27T11:39:00+05:30,8126.0,8126.0,8110.0,8110.0,90,13009
2026-07-27T11:38:00+05:30,8129.0,8129.0,8123.0,8125.0,31,13041
2026-07-27T11:37:00+05:30,8130.0,8134.0,8127.0,8132.0,36,13047
2026-07-27T11:36:00+05:30,8116.0,8129.0,8112.0,8128.0,354,13036
2026-07-27T11:35:00+05:30,8123.0,8127.0,8111.0,8115.0,152,12862
2026-07-27T11:34:00+05:30,8126.0,8126.0,8117.0,8122.0,114,12832
2026-07-27T11:33:00+05:30,8132.0,8134.0,8128.0,8129.0,98,12871
2026-07-27T11:32:00+05:30,8140.0,8148.0,8133.0,8133.0,42,12876
2026-07-27T11:31:00+05:30,8151.0,8151.0,8137.0,8145.0,161,12886
2026-07-27T11:30:00+05:30,8163.0,8163.0,8150.0,8150.0,40,12943
2026-07-27T11:29:00+05:30,8154.0,8163.0,8154.0,8159.0,44,12962
2026-07-27T11:28:00+05:30,8147.0,8158.0,8144.0,8158.0,29,12969
2026-07-27T11:27:00+05:30,8150.0,8151.0,8146.0,8148.0,33,12968
2026-07-27T11:26:00+05:30,8144.0,8152.0,8140.0,8152.0,273,12978
2026-07-27T11:25:00+05:30,8144.0,8147.0,8142.0,8145.0,25,12838
2026-07-27T11:24:00+05:30,8147.0,8149.0,8144.0,8149.0,53,12829
2026-07-27T11:23:00+05:30,8152.0,8154.0,8148.0,8148.0,82,12835
2026-07-27T11:22:00+05:30,8157.0,8161.0,8152.0,8155.0,18,12822
2026-07-27T11:21:00+05:30,8156.0,8158.0,8150.0,8151.0,133,12903
2026-07-27T11:20:00+05:30,8156.0,8161.0,8151.0,8157.0,135,12898
2026-07-27T11:19:00+05:30,8161.0,8164.0,8157.0,8161.0,45,12911
2026-07-27T11:18:00+05:30,8166.0,8166.0,8159.0,8165.0,116,12922
2026-07-27T11:17:00+05:30,8176.0,8178.0,8165.0,8165.0,32,12891
2026-07-27T11:16:00+05:30,8170.0,8174.0,8169.0,8174.0,28,12896
2026-07-27T11:15:00+05:30,8165.0,8165.0,8159.0,8165.0,65,12895
2026-07-27T11:14:00+05:30,8175.0,8175.0,8165.0,8170.0,26,12925
2026-07-27T11:13:00+05:30,8175.0,8179.0,8175.0,8177.0,5,12932
2026-07-27T11:12:00+05:30,8174.0,8174.0,8170.0,8172.0,20,12929
2026-07-27T11:11:00+05:30,8177.0,8179.0,8171.0,8176.0,10,12929
2026-07-27T11:10:00+05:30,8175.0,8180.0,8175.0,8180.0,78,12910
2026-07-27T11:09:00+05:30,8179.0,8179.0,8174.0,8174.0,88,12904
2026-07-27T11:08:00+05:30,8182.0,8186.0,8181.0,8181.0,14,12943
2026-07-27T11:07:00+05:30,8182.0,8183.0,8182.0,8183.0,5,12941
2026-07-27T11:06:00+05:30,8184.0,8184.0,8184.0,8184.0,0,12942
2026-07-27T11:05:00+05:30,8185.0,8190.0,8182.0,8184.0,18,12942
2026-07-27T11:04:00+05:30,8187.0,8189.0,8182.0,8182.0,22,12941
2026-07-27T11:03:00+05:30,8183.0,8185.0,8183.0,8185.0,8,12946
2026-07-27T11:02:00+05:30,8175.0,8179.0,8175.0,8179.0,13,12946
2026-07-27T11:01:00+05:30,8181.0,8183.0,8176.0,8177.0,36,12946
2026-07-27T11:00:00+05:30,8165.0,8180.0,8160.0,8180.0,125,12946
2026-07-27T10:59:00+05:30,8173.0,8173.0,8169.0,8173.0,13,12968
2026-07-27T10:58:00+05:30,8172.0,8174.0,8171.0,8174.0,3,12968
2026-07-27T10:57:00+05:30,8174.0,8176.0,8171.0,8176.0,33,12965
2026-07-27T10:56:00+05:30,8170.0,8175.0,8170.0,8175.0,24,12965
2026-07-27T10:55:00+05:30,8166.0,8166.0,8163.0,8166.0,9,12962
2026-07-27T10:54:00+05:30,8164.0,8168.0,8163.0,8168.0,53,12962
2026-07-27T10:53:00+05:30,8166.0,8166.0,8161.0,8165.0,35,12952
2026-07-27T10:52:00+05:30,8173.0,8173.0,8165.0,8165.0,21,12949
2026-07-27T10:51:00+05:30,8180.0,8180.0,8170.0,8172.0,20,12956
2026-07-27T10:50:00+05:30,8192.0,8192.0,8180.0,8181.0,47,12965
2026-07-27T10:49:00+05:30,8192.0,8195.0,8192.0,8195.0,10,12953
2026-07-27T10:48:00+05:30,8186.0,8195.0,8186.0,8195.0,21,12950
2026-07-27T10:47:00+05:30,8184.0,8190.0,8184.0,8190.0,8,12945
2026-07-27T10:46:00+05:30,8184.0,8185.0,8182.0,8182.0,18,12949
2026-07-27T10:45:00+05:30,8178.0,8182.0,8178.0,8182.0,6,12953
2026-07-27T10:44:00+05:30,8178.0,8180.0,8178.0,8180.0,7,12947
2026-07-27T10:43:00+05:30,8180.0,8181.0,8179.0,8181.0,4,12947
2026-07-27T10:42:00+05:30,8179.0,8181.0,8179.0,8181.0,32,12947
2026-07-27T10:41:00+05:30,8180.0,8182.0,8179.0,8181.0,45,12977
2026-07-27T10:40:00+05:30,8178.0,8180.0,8171.0,8178.0,219,13011
2026-07-27T10:39:00+05:30,8180.0,8183.0,8180.0,8180.0,31,12930
2026-07-27T10:38:00+05:30,8191.0,8191.0,8183.0,8183.0,45,12948
2026-07-27T10:37:00+05:30,8193.0,8193.0,8189.0,8190.0,49,12955
2026-07-27T10:36:00+05:30,8193.0,8195.0,8192.0,8194.0,21,12987
2026-07-27T10:35:00+05:30,8196.0,8197.0,8192.0,8197.0,14,12984
2026-07-27T10:34:00+05:30,8187.0,8198.0,8187.0,8195.0,34,12991
2026-07-27T10:33:00+05:30,8187.0,8190.0,8185.0,8190.0,19,12999
2026-07-27T10:32:00+05:30,8180.0,8189.0,8175.0,8189.0,104,13006
2026-07-27T10:31:00+05:30,8183.0,8187.0,8182.0,8182.0,41,12955
2026-07-27T10:30:00+05:30,8188.0,8188.0,8172.0,8185.0,149,12958
2026-07-27T10:29:00+05:30,8185.0,8185.0,8185.0,8185.0,12,13062
2026-07-27T10:28:00+05:30,8178.0,8183.0,8178.0,8183.0,10,13064
2026-07-27T10:27:00+05:30,8177.0,8181.0,8177.0,8181.0,24,13067
2026-07-27T10:26:00+05:30,8181.0,8182.0,8177.0,8178.0,100,13076
2026-07-27T10:25:00+05:30,8179.0,8184.0,8175.0,8182.0,114,13111
2026-07-27T10:24:00+05:30,8180.0,8181.0,8175.0,8175.0,124,13136
2026-07-27T10:23:00+05:30,8182.0,8182.0,8181.0,8181.0,6,13149
2026-07-27T10:22:00+05:30,8185.0,8186.0,8180.0,8180.0,23,13150
2026-07-27T10:21:00+05:30,8183.0,8188.0,8181.0,8188.0,43,13146
2026-07-27T10:20:00+05:30,8172.0,8182.0,8172.0,8182.0,33,13141
2026-07-27T10:19:00+05:30,8173.0,8173.0,8167.0,8173.0,41,13140
2026-07-27T10:18:00+05:30,8166.0,8169.0,8166.0,8167.0,168,13137
2026-07-27T10:17:00+05:30,8167.0,8170.0,8165.0,8169.0,19,13293
2026-07-27T10:16:00+05:30,8163.0,8167.0,8163.0,8164.0,96,13297
2026-07-27T10:15:00+05:30,8159.0,8162.0,8158.0,8161.0,88,13319
2026-07-27T10:14:00+05:30,8168.0,8169.0,8160.0,8160.0,320,13332
2026-07-27T10:13:00+05:30,8162.0,8166.0,8162.0,8166.0,228,13589
2026-07-27T10:12:00+05:30,8167.0,8167.0,8155.0,8160.0,255,13705
2026-07-27T10:11:00+05:30,8172.0,8173.0,8167.0,8168.0,80,13707
2026-07-27T10:10:00+05:30,8173.0,8177.0,8170.0,8171.0,102,13714
2026-07-27T10:09:00+05:30,8178.0,8180.0,8171.0,8172.0,80,13722
2026-07-27T10:08:00+05:30,8182.0,8182.0,8176.0,8180.0,9,13740
2026-07-27T10:07:00+05:30,8180.0,8184.0,8179.0,8184.0,27,13739
2026-07-27T10:06:00+05:30,8178.0,8186.0,8177.0,8181.0,202,13746
2026-07-27T10:05:00+05:30,8182.0,8184.0,8179.0,8179.0,63,13837
2026-07-27T10:04:00+05:30,8187.0,8191.0,8185.0,8185.0,52,13846
2026-07-27T10:03:00+05:30,8189.0,8190.0,8188.0,8188.0,18,13860
2026-07-27T10:02:00+05:30,8188.0,8191.0,8188.0,8188.0,24,13858
2026-07-27T10:01:00+05:30,8189.0,8191.0,8185.0,8189.0,39,13849
2026-07-27T10:00:00+05:30,8189.0,8192.0,8188.0,8191.0,38,13860
2026-07-27T09:59:00+05:30,8190.0,8192.0,8186.0,8192.0,41,13855
2026-07-27T09:58:00+05:30,8187.0,8194.0,8185.0,8192.0,120,13855
2026-07-27T09:57:00+05:30,8192.0,8192.0,8187.0,8188.0,188,13823
2026-07-27T09:56:00+05:30,8194.0,8195.0,8188.0,8193.0,259,13962
2026-07-27T09:55:00+05:30,8199.0,8199.0,8190.0,8196.0,196,13915
2026-07-27T09:54:00+05:30,8204.0,8205.0,8200.0,8200.0,13,13935
2026-07-27T09:53:00+05:30,8207.0,8207.0,8204.0,8206.0,110,13936
2026-07-27T09:52:00+05:30,8211.0,8213.0,8205.0,8209.0,36,13940
2026-07-27T09:51:00+05:30,8204.0,8209.0,8203.0,8207.0,39,13950
2026-07-27T09:50:00+05:30,8203.0,8209.0,8200.0,8209.0,184,13973
2026-07-27T09:49:00+05:30,8207.0,8207.0,8203.0,8204.0,69,13872
2026-07-27T09:48:00+05:30,8218.0,8220.0,8209.0,8212.0,149,13933
2026-07-27T09:47:00+05:30,8211.0,8217.0,8211.0,8217.0,77,13959
2026-07-27T09:46:00+05:30,8214.0,8215.0,8212.0,8212.0,64,14022
2026-07-27T09:45:00+05:30,8213.0,8213.0,8213.0,8213.0,6,14008
2026-07-27T09:44:00+05:30,8212.0,8215.0,8212.0,8214.0,23,14017
2026-07-27T09:43:00+05:30,8219.0,8219.0,8209.0,8211.0,18,14015
2026-07-27T09:42:00+05:30,8220.0,8220.0,8217.0,8220.0,29,14013
2026-07-27T09:41:00+05:30,8215.0,8217.0,8214.0,8216.0,132,14004
2026-07-27T09:40:00+05:30,8217.0,8217.0,8214.0,8214.0,13,13912
2026-07-27T09:39:00+05:30,8215.0,8219.0,8215.0,8215.0,26,13918
2026-07-27T09:38:00+05:30,8208.0,8209.0,8203.0,8207.0,84,13927
2026-07-27T09:37:00+05:30,8204.0,8209.0,8204.0,8209.0,20,13950
2026-07-27T09:36:00+05:30,8201.0,8206.0,8200.0,8202.0,12,13948
2026-07-27T09:35:00+05:30,8199.0,8200.0,8197.0,8200.0,38,13947
2026-07-27T09:34:00+05:30,8199.0,8200.0,8198.0,8200.0,47,13935
2026-07-27T09:33:00+05:30,8198.0,8201.0,8196.0,8198.0,34,13913
2026-07-27T09:32:00+05:30,8194.0,8201.0,8194.0,8199.0,58,13911
2026-07-27T09:31:00+05:30,8201.0,8206.0,8194.0,8196.0,180,13892
2026-07-27T09:30:00+05:30,8220.0,8220.0,8202.0,8202.0,108,13859
2026-07-27T09:29:00+05:30,8219.0,8222.0,8219.0,8219.0,41,13882
2026-07-27T09:28:00+05:30,8222.0,8223.0,8220.0,8220.0,15,13882
2026-07-27T09:27:00+05:30,8227.0,8228.0,8220.0,8221.0,204,13881
2026-07-27T09:26:00+05:30,8231.0,8232.0,8229.0,8232.0,48,13948
2026-07-27T09:25:00+05:30,8237.0,8237.0,8231.0,8232.0,127,13953
2026-07-27T09:24:00+05:30,8238.0,8239.0,8235.0,8236.0,59,13926
2026-07-27T09:23:00+05:30,8238.0,8240.0,8235.0,8236.0,83,13962
2026-07-27T09:22:00+05:30,8236.0,8236.0,8233.0,8233.0,47,13928
2026-07-27T09:21:00+05:30,8223.0,8234.0,8223.0,8234.0,105,13945
2026-07-27T09:20:00+05:30,8222.0,8227.0,8222.0,8225.0,68,13950
2026-07-27T09:19:00+05:30,8218.0,8224.0,8218.0,8224.0,87,13978
2026-07-27T09:18:00+05:30,8214.0,8218.0,8214.0,8216.0,66,13938
2026-07-27T09:17:00+05:30,8208.0,8215.0,8206.0,8215.0,72,13929
2026-07-27T09:16:00+05:30,8207.0,8209.0,8205.0,8206.0,31,13919
2026-07-27T09:15:00+05:30,8204.0,8206.0,8201.0,8206.0,127,13911
2026-07-27T09:14:00+05:30,8208.0,8208.0,8204.0,8205.0,68,13895
2026-07-27T09:13:00+05:30,8211.0,8211.0,8206.0,8210.0,37,13922
2026-07-27T09:12:00+05:30,8215.0,8215.0,8210.0,8210.0,39,13944
2026-07-27T09:11:00+05:30,8211.0,8214.0,8211.0,8211.0,33,13958
2026-07-27T09:10:00+05:30,8203.0,8215.0,8201.0,8210.0,206,13965
2026-07-27T09:09:00+05:30,8202.0,8204.0,8200.0,8201.0,78,13960
2026-07-27T09:08:00+05:30,8210.0,8211.0,8201.0,8201.0,78,13974
2026-07-27T09:07:00+05:30,8208.0,8212.0,8206.0,8212.0,158,13998
2026-07-27T09:06:00+05:30,8210.0,8212.0,8205.0,8206.0,142,14017
2026-07-27T09:05:00+05:30,8211.0,8213.0,8210.0,8212.0,163,14121
2026-07-27T09:04:00+05:30,8218.0,8220.0,8212.0,8212.0,175,14283
2026-07-27T09:03:00+05:30,8213.0,8217.0,8211.0,8214.0,201,14388
2026-07-27T09:02:00+05:30,8212.0,8214.0,8210.0,8212.0,460,14504
2026-07-27T09:01:00+05:30,8222.0,8222.0,8214.0,8214.0,462,14642
2026-07-27T09:00:00+05:30,8260.0,8260.0,8208.0,8220.0,873,14797
