expiry,entry_date,rank,structure,mgmt,spot_entry,atm_strike,put_wall,call_wall,legs,short_put,short_call,wing_width,credit_pts,credit_inr,max_loss_inr,nights_held,first_breach_ts,first_breach_side,overlay_trigger_ts,overlay_trigger_side,overlay_trigger_spot,settle_spot,settle_debit_pts,costs_inr,worst_mark_inr,pnl_inr
2026-07-07,2026-07-01,T-4,condor,hold,23988.1,24000.0,23900.0,24000.0,SC24000@167.65 LC24100@119.75 SP23900@111.9 LP23800@78.35,23900.0,24000.0,100,81.5,5294,1206,4,07-01T04:48,C,,,,24398.7,100.0,680,-2087,-1886
2026-07-07,2026-07-01,T-4,condor,overlay,23988.1,24000.0,23900.0,24000.0,SC24000@167.65 LC24100@119.75 SP23900@111.9 LP23800@78.35,23900.0,24000.0,100,81.5,5294,1206,4,07-01T04:48,C,07-01T09:50,C,24399,24398.7,100.0,850,-21900,-2056
2026-07-07,2026-07-01,T-4,fly,hold,23988.1,24000.0,23900.0,24000.0,SC24000@167.65 SP24000@154.25 LC24100@119.75 LP23900@111.9,24000.0,24000.0,100,90.2,5866,634,4,07-01T04:31,P,,,,24398.7,100.0,680,-1629,-1314
2026-07-07,2026-07-01,T-4,fly,overlay,23988.1,24000.0,23900.0,24000.0,SC24000@167.65 SP24000@154.25 LC24100@119.75 LP23900@111.9,24000.0,24000.0,100,90.2,5866,634,4,07-01T04:31,P,07-01T09:50,C,24399,24398.7,100.0,850,-22021,-1484
2026-07-07,2026-07-01,T-4,strangle,hold,23988.1,24000.0,23900.0,24000.0,SC24000@167.65 SP23900@111.9,23900.0,24000.0,,279.6,18171,,4,07-01T04:48,C,,,,24398.7,398.7,340,-15709,-8085
2026-07-07,2026-07-01,T-4,strangle,overlay,23988.1,24000.0,23900.0,24000.0,SC24000@167.65 SP23900@111.9,23900.0,24000.0,,279.6,18171,,4,07-01T04:48,C,07-01T09:50,C,24399,24398.7,398.7,510,-19266,-8255
2026-07-07,2026-07-01,T-4,straddle,hold,23988.1,24000.0,23900.0,24000.0,SC24000@167.65 SP24000@154.25,24000.0,24000.0,,321.9,20924,,4,07-01T04:31,P,,,,24398.7,398.7,340,-13061,-5332
2026-07-07,2026-07-01,T-4,straddle,overlay,23988.1,24000.0,23900.0,24000.0,SC24000@167.65 SP24000@154.25,24000.0,24000.0,,321.9,20924,,4,07-01T04:31,P,07-01T09:50,C,24399,24398.7,398.7,510,-18434,-5502
2026-07-07,2026-07-02,T-3,condor,hold,24125.6,24150.0,24000.0,24500.0,SC24500@17.45 LC24600@8.45 SP24000@68.95 LP23900@44.7,24000.0,24500.0,100,33.2,2161,4339,3,07-07T04:52,C,,,,24398.7,0.0,680,-1002,1481
2026-07-07,2026-07-02,T-3,condor,overlay,24125.6,24150.0,24000.0,24500.0,SC24500@17.45 LC24600@8.45 SP24000@68.95 LP23900@44.7,24000.0,24500.0,100,33.2,2161,4339,3,07-07T04:52,C,,,,24398.7,0.0,680,-1002,1481
2026-07-07,2026-07-02,T-3,fly,hold,24125.6,24150.0,24000.0,24500.0,SC24150@125.3 SP24150@126.65 LC24250@78.8 LP24050@85.0,24150.0,24150.0,100,88.1,5730,770,3,07-02T04:31,P,,,,24398.7,100.0,680,-1720,-1450
2026-07-07,2026-07-02,T-3,fly,overlay,24125.6,24150.0,24000.0,24500.0,SC24150@125.3 SP24150@126.65 LC24250@78.8 LP24050@85.0,24150.0,24150.0,100,88.1,5730,770,3,07-02T04:31,P,07-02T09:50,C,24399,24398.7,100.0,850,-9956,-1620
2026-07-07,2026-07-02,T-3,strangle,hold,24125.6,24150.0,24000.0,24500.0,SC24500@17.45 SP24000@68.95,24000.0,24500.0,,86.4,5616,,3,07-07T04:52,C,,,,24398.7,0.0,340,-1412,5276
2026-07-07,2026-07-02,T-3,strangle,overlay,24125.6,24150.0,24000.0,24500.0,SC24500@17.45 SP24000@68.95,24000.0,24500.0,,86.4,5616,,3,07-07T04:52,C,,,,24398.7,0.0,340,-1412,5276
2026-07-07,2026-07-02,T-3,straddle,hold,24125.6,24150.0,24000.0,24500.0,SC24150@125.3 SP24150@126.65,24150.0,24150.0,,251.9,16377,,3,07-02T04:31,P,,,,24398.7,248.7,340,-7965,-129
2026-07-07,2026-07-02,T-3,straddle,overlay,24125.6,24150.0,24000.0,24500.0,SC24150@125.3 SP24150@126.65,24150.0,24150.0,,251.9,16377,,3,07-02T04:31,P,07-02T09:50,C,24399,24398.7,248.7,510,-9724,-299
2026-07-07,2026-07-03,T-2,condor,hold,24339.7,24350.0,24000.0,24400.0,SC24400@77.2 LC24500@40.25 SP24000@18.0 LP23900@11.85,24000.0,24400.0,100,43.1,2802,3698,2,07-06T04:52,C,,,,24398.7,0.0,680,-3296,2122
2026-07-07,2026-07-03,T-2,condor,overlay,24339.7,24350.0,24000.0,24400.0,SC24400@77.2 LC24500@40.25 SP24000@18.0 LP23900@11.85,24000.0,24400.0,100,43.1,2802,3698,2,07-06T04:52,C,,,,24398.7,0.0,680,-3296,2122
2026-07-07,2026-07-03,T-2,fly,hold,24339.7,24350.0,24000.0,24400.0,SC24350@101.65 SP24350@102.1 LC24450@56.65 LP24250@62.9,24350.0,24350.0,100,84.2,5473,1027,2,07-03T04:31,P,,,,24398.7,48.7,680,-1362,1627
2026-07-07,2026-07-03,T-2,fly,overlay,24339.7,24350.0,24000.0,24400.0,SC24350@101.65 SP24350@102.1 LC24450@56.65 LP24250@62.9,24350.0,24350.0,100,84.2,5473,1027,2,07-03T04:31,P,07-03T09:50,C,24399,24398.7,48.7,850,-4555,1457
2026-07-07,2026-07-03,T-2,strangle,hold,24339.7,24350.0,24000.0,24400.0,SC24400@77.2 SP24000@18.0,24000.0,24400.0,,95.2,6188,,2,07-06T04:52,C,,,,24398.7,0.0,340,-2222,5848
2026-07-07,2026-07-03,T-2,strangle,overlay,24339.7,24350.0,24000.0,24400.0,SC24400@77.2 SP24000@18.0,24000.0,24400.0,,95.2,6188,,2,07-06T04:52,C,,,,24398.7,0.0,340,-2222,5848
2026-07-07,2026-07-03,T-2,straddle,hold,24339.7,24350.0,24000.0,24400.0,SC24350@101.65 SP24350@102.1,24350.0,24350.0,,203.8,13244,,2,07-03T04:31,P,,,,24398.7,48.7,340,-369,9738
2026-07-07,2026-07-03,T-2,straddle,overlay,24339.7,24350.0,24000.0,24400.0,SC24350@101.65 SP24350@102.1,24350.0,24350.0,,203.8,13244,,2,07-03T04:31,P,07-03T09:50,C,24399,24398.7,48.7,510,-1436,9568
2026-07-07,2026-07-06,T-1,condor,hold,24386.8,24400.0,24300.0,24400.0,SC24400@64.3 LC24500@26.6 SP24300@39.5 LP24200@18.65,24300.0,24400.0,100,58.5,3806,2694,1,07-06T04:52,C,,,,24398.7,0.0,680,-2230,3126
2026-07-07,2026-07-06,T-1,condor,overlay,24386.8,24400.0,24300.0,24400.0,SC24400@64.3 LC24500@26.6 SP24300@39.5 LP24200@18.65,24300.0,24400.0,100,58.5,3806,2694,1,07-06T04:52,C,,,,24398.7,0.0,680,-2230,3126
2026-07-07,2026-07-06,T-1,fly,hold,24386.8,24400.0,24300.0,24400.0,SC24400@64.3 SP24400@79.75 LC24500@26.6 LP24300@39.5,24400.0,24400.0,100,78.0,5067,1433,1,07-06T04:31,P,,,,24398.7,1.3,680,-1161,4302
2026-07-07,2026-07-06,T-1,fly,overlay,24386.8,24400.0,24300.0,24400.0,SC24400@64.3 SP24400@79.75 LC24500@26.6 LP24300@39.5,24400.0,24400.0,100,78.0,5067,1433,1,07-06T04:31,P,07-07T09:50,P,24399,24398.7,1.3,850,-1331,4132
2026-07-07,2026-07-06,T-1,strangle,hold,24386.8,24400.0,24300.0,24400.0,SC24400@64.3 SP24300@39.5,24300.0,24400.0,,103.8,6747,,1,07-06T04:52,C,,,,24398.7,0.0,340,-1780,6407
2026-07-07,2026-07-06,T-1,strangle,overlay,24386.8,24400.0,24300.0,24400.0,SC24400@64.3 SP24300@39.5,24300.0,24400.0,,103.8,6747,,1,07-06T04:52,C,,,,24398.7,0.0,340,-1780,6407
2026-07-07,2026-07-06,T-1,straddle,hold,24386.8,24400.0,24300.0,24400.0,SC24400@64.3 SP24400@79.75,24400.0,24400.0,,144.1,9363,,1,07-06T04:31,P,,,,24398.7,1.3,340,-710,8939
2026-07-07,2026-07-06,T-1,straddle,overlay,24386.8,24400.0,24300.0,24400.0,SC24400@64.3 SP24400@79.75,24400.0,24400.0,,144.1,9363,,1,07-06T04:31,P,07-07T09:50,P,24399,24398.7,1.3,510,-880,8769
2026-07-14,2026-07-08,T-4,condor,hold,24245.7,24250.0,24200.0,24500.0,SC24500@46.3 LC24600@28.45 SP24200@136.7 LP24100@95.5,24200.0,24500.0,100,59.0,3838,2662,4,07-08T07:01,P,,,,24052.0,100.0,680,-3449,-3342
2026-07-14,2026-07-08,T-4,condor,overlay,24245.7,24250.0,24200.0,24500.0,SC24500@46.3 LC24600@28.45 SP24200@136.7 LP24100@95.5,24200.0,24500.0,100,59.0,3838,2662,4,07-08T07:01,P,07-08T09:50,P,23963,24052.0,100.0,850,-19151,-9313
2026-07-14,2026-07-08,T-4,fly,hold,24245.7,24250.0,24200.0,24500.0,SC24250@131.6 SP24250@161.95 LC24350@89.8 LP24150@115.0,24250.0,24250.0,100,88.7,5769,731,4,07-08T04:31,P,,,,24052.0,100.0,680,-1509,-1411
2026-07-14,2026-07-08,T-4,fly,overlay,24245.7,24250.0,24200.0,24500.0,SC24250@131.6 SP24250@161.95 LC24350@89.8 LP24150@115.0,24250.0,24250.0,100,88.7,5769,731,4,07-08T04:31,P,07-08T09:50,P,23963,24052.0,100.0,850,-19323,-7383
2026-07-14,2026-07-08,T-4,strangle,hold,24245.7,24250.0,24200.0,24500.0,SC24500@46.3 SP24200@136.7,24200.0,24500.0,,183.0,11895,,4,07-08T07:01,P,,,,24052.0,148.0,340,-18270,1938
2026-07-14,2026-07-08,T-4,strangle,overlay,24245.7,24250.0,24200.0,24500.0,SC24500@46.3 SP24200@136.7,24200.0,24500.0,,183.0,11895,,4,07-08T07:01,P,07-08T09:50,P,23963,24052.0,148.0,510,-18440,-4033
2026-07-14,2026-07-08,T-4,straddle,hold,24245.7,24250.0,24200.0,24500.0,SC24250@131.6 SP24250@161.95,24250.0,24250.0,,293.5,19081,,4,07-08T04:31,P,,,,24052.0,198.0,340,-15687,5874
2026-07-14,2026-07-08,T-4,straddle,overlay,24245.7,24250.0,24200.0,24500.0,SC24250@131.6 SP24250@161.95,24250.0,24250.0,,293.5,19081,,4,07-08T04:31,P,07-08T09:50,P,23963,24052.0,198.0,510,-15857,-97
2026-07-14,2026-07-09,T-3,condor,hold,24059.7,24050.0,24000.0,24200.0,SC24200@81.45 LC24300@52.15 SP24000@117.95 LP23900@82.45,24000.0,24200.0,100,64.8,4212,2288,3,07-09T05:30,P,,,,24052.0,0.0,680,-849,3532
2026-07-14,2026-07-09,T-3,condor,overlay,24059.7,24050.0,24000.0,24200.0,SC24200@81.45 LC24300@52.15 SP24000@117.95 LP23900@82.45,24000.0,24200.0,100,64.8,4212,2288,3,07-09T05:30,P,07-09T09:50,P,23963,24052.0,0.0,850,-19661,-2439
2026-07-14,2026-07-09,T-3,fly,hold,24059.7,24050.0,24000.0,24200.0,SC24050@147.5 SP24050@139.6 LC24150@100.75 LP23950@98.6,24050.0,24050.0,100,87.8,5704,796,3,07-09T04:31,C,,,,24052.0,2.0,680,-1457,4891
2026-07-14,2026-07-09,T-3,fly,overlay,24059.7,24050.0,24000.0,24200.0,SC24050@147.5 SP24050@139.6 LC24150@100.75 LP23950@98.6,24050.0,24050.0,100,87.8,5704,796,3,07-09T04:31,C,07-09T09:50,P,23963,24052.0,2.0,850,-19937,-1081
2026-07-14,2026-07-09,T-3,strangle,hold,24059.7,24050.0,24000.0,24200.0,SC24200@81.45 SP24000@117.95,24000.0,24200.0,,199.4,12961,,3,07-09T05:30,P,,,,24052.0,0.0,340,-1900,12621
2026-07-14,2026-07-09,T-3,strangle,overlay,24059.7,24050.0,24000.0,24200.0,SC24200@81.45 SP24000@117.95,24000.0,24200.0,,199.4,12961,,3,07-09T05:30,P,07-09T09:50,P,23963,24052.0,0.0,510,-16682,6650
2026-07-14,2026-07-09,T-3,straddle,hold,24059.7,24050.0,24000.0,24200.0,SC24050@147.5 SP24050@139.6,24050.0,24050.0,,287.1,18662,,3,07-09T04:31,C,,,,24052.0,2.0,340,-1159,18188
2026-07-14,2026-07-09,T-3,straddle,overlay,24059.7,24050.0,24000.0,24200.0,SC24050@147.5 SP24050@139.6,24050.0,24050.0,,287.1,18662,,3,07-09T04:31,C,07-09T09:50,P,23963,24052.0,2.0,510,-18769,12217
2026-07-14,2026-07-10,T-2,condor,hold,24220.8,24200.0,24200.0,24500.0,SC24500@22.25 LC24600@10.9 SP24200@109.6 LP24100@71.15,24200.0,24500.0,100,49.8,3237,3263,2,07-10T05:00,P,,,,24052.0,100.0,680,-4050,-3943
2026-07-14,2026-07-10,T-2,condor,overlay,24220.8,24200.0,24200.0,24500.0,SC24500@22.25 LC24600@10.9 SP24200@109.6 LP24100@71.15,24200.0,24500.0,100,49.8,3237,3263,2,07-10T05:00,P,07-13T04:30,P,24125,24052.0,100.0,850,-9235,603
2026-07-14,2026-07-10,T-2,fly,hold,24220.8,24200.0,24200.0,24500.0,SC24200@125.6 SP24200@109.6 LC24300@77.1 LP24100@71.15,24200.0,24200.0,100,86.9,5652,848,2,07-10T04:31,C,,,,24052.0,100.0,680,-1619,-1528
2026-07-14,2026-07-10,T-2,fly,overlay,24220.8,24200.0,24200.0,24500.0,SC24200@125.6 SP24200@109.6 LC24300@77.1 LP24100@71.15,24200.0,24200.0,100,86.9,5652,848,2,07-10T04:31,C,07-13T04:30,P,24125,24052.0,100.0,850,-8982,3017
2026-07-14,2026-07-10,T-2,strangle,hold,24220.8,24200.0,24200.0,24500.0,SC24500@22.25 SP24200@109.6,24200.0,24500.0,,131.8,8570,,2,07-10T05:00,P,,,,24052.0,148.0,340,-6401,-1387
2026-07-14,2026-07-10,T-2,strangle,overlay,24220.8,24200.0,24200.0,24500.0,SC24500@22.25 SP24200@109.6,24200.0,24500.0,,131.8,8570,,2,07-10T05:00,P,07-13T04:30,P,24125,24052.0,148.0,510,-6610,3159
2026-07-14,2026-07-10,T-2,straddle,hold,24220.8,24200.0,24200.0,24500.0,SC24200@125.6 SP24200@109.6,24200.0,24200.0,,235.2,15288,,2,07-10T04:31,C,,,,24052.0,148.0,340,-841,5331
2026-07-14,2026-07-10,T-2,straddle,overlay,24220.8,24200.0,24200.0,24500.0,SC24200@125.6 SP24200@109.6,24200.0,24200.0,,235.2,15288,,2,07-10T04:31,C,07-13T04:30,P,24125,24052.0,148.0,510,-6974,9877
2026-07-14,2026-07-13,T-1,condor,hold,24124.6,24100.0,24000.0,24500.0,SC24500@6.4 LC24600@0.0 SP24000@55.5 LP23900@30.9,24000.0,24500.0,100,31.0,2015,4485,1,,,,,,24052.0,0.0,680,-742,1335
2026-07-14,2026-07-13,T-1,condor,overlay,24124.6,24100.0,24000.0,24500.0,SC24500@6.4 LC24600@0.0 SP24000@55.5 LP23900@30.9,24000.0,24500.0,100,31.0,2015,4485,1,,,,,,24052.0,0.0,680,-742,1335
2026-07-14,2026-07-13,T-1,fly,hold,24124.6,24100.0,24000.0,24500.0,SC24100@94.9 SP24100@94.65 LC24200@51.9 LP24000@55.5,24100.0,24100.0,100,82.2,5340,1160,1,07-13T04:31,C,,,,24052.0,48.0,680,-1141,1543
2026-07-14,2026-07-13,T-1,fly,overlay,24124.6,24100.0,24000.0,24500.0,SC24100@94.9 SP24100@94.65 LC24200@51.9 LP24000@55.5,24100.0,24100.0,100,82.2,5340,1160,1,07-13T04:31,C,,,,24052.0,48.0,680,-1141,1543
2026-07-14,2026-07-13,T-1,strangle,hold,24124.6,24100.0,24000.0,24500.0,SC24500@6.4 SP24000@55.5,24000.0,24500.0,,61.9,4024,,1,,,,,,24052.0,0.0,340,-535,3684
2026-07-14,2026-07-13,T-1,strangle,overlay,24124.6,24100.0,24000.0,24500.0,SC24500@6.4 SP24000@55.5,24000.0,24500.0,,61.9,4024,,1,,,,,,24052.0,0.0,340,-535,3684
2026-07-14,2026-07-13,T-1,straddle,hold,24124.6,24100.0,24000.0,24500.0,SC24100@94.9 SP24100@94.65,24100.0,24100.0,,189.6,12321,,1,07-13T04:31,C,,,,24052.0,48.0,340,-4045,8864
2026-07-14,2026-07-13,T-1,straddle,overlay,24124.6,24100.0,24000.0,24500.0,SC24100@94.9 SP24100@94.65,24100.0,24100.0,,189.6,12321,,1,07-13T04:31,C,,,,24052.0,48.0,340,-4045,8864
2026-07-21,2026-07-15,T-4,condor,hold,24179.2,24200.0,24100.0,24200.0,SC24200@143.45 LC24300@98.65 SP24100@124.75 LP24000@90.2,24100.0,24200.0,100,79.3,5158,1342,3,07-15T04:44,C,,,,24238.5,38.5,680,-911,1975
2026-07-21,2026-07-15,T-4,condor,overlay,24179.2,24200.0,24100.0,24200.0,SC24200@143.45 LC24300@98.65 SP24100@124.75 LP24000@90.2,24100.0,24200.0,100,79.3,5158,1342,3,07-15T04:44,C,07-15T07:30,P,24070,24238.5,38.5,850,-20090,-9121
2026-07-21,2026-07-15,T-4,fly,hold,24179.2,24200.0,24100.0,24200.0,SC24200@143.45 SP24200@169.5 LC24300@98.65 LP24100@124.75,24200.0,24200.0,100,89.5,5821,679,3,07-15T04:31,P,,,,24238.5,38.5,680,-859,2638
2026-07-21,2026-07-15,T-4,fly,overlay,24179.2,24200.0,24100.0,24200.0,SC24200@143.45 SP24200@169.5 LC24300@98.65 LP24100@124.75,24200.0,24200.0,100,89.5,5821,679,3,07-15T04:31,P,07-15T07:30,P,24070,24238.5,38.5,850,-19892,-8458
2026-07-21,2026-07-15,T-4,strangle,hold,24179.2,24200.0,24100.0,24200.0,SC24200@143.45 SP24100@124.75,24100.0,24200.0,,268.2,17433,,3,07-15T04:44,C,,,,24238.5,38.5,340,-3892,14590
2026-07-21,2026-07-15,T-4,strangle,overlay,24179.2,24200.0,24100.0,24200.0,SC24200@143.45 SP24100@124.75,24100.0,24200.0,,268.2,17433,,3,07-15T04:44,C,07-15T07:30,P,24070,24238.5,38.5,510,-20150,3494
2026-07-21,2026-07-15,T-4,straddle,hold,24179.2,24200.0,24100.0,24200.0,SC24200@143.45 SP24200@169.5,24200.0,24200.0,,312.9,20342,,3,07-15T04:31,P,,,,24238.5,38.5,340,-5105,17499
2026-07-21,2026-07-15,T-4,straddle,overlay,24179.2,24200.0,24100.0,24200.0,SC24200@143.45 SP24200@169.5,24200.0,24200.0,,312.9,20342,,3,07-15T04:31,P,07-15T07:30,P,24070,24238.5,38.5,510,-18853,6403
2026-07-21,2026-07-16,T-3,condor,hold,24124.0,24100.0,24100.0,24200.0,SC24200@99.85 LC24300@61.3 SP24100@117.75 LP24000@80.6,24100.0,24200.0,100,75.7,4921,1579,2,07-16T08:00,P,,,,24238.5,38.5,680,-1135,1738
2026-07-21,2026-07-16,T-3,condor,overlay,24124.0,24100.0,24100.0,24200.0,SC24200@99.85 LC24300@61.3 SP24100@117.75 LP24000@80.6,24100.0,24200.0,100,75.7,4921,1579,2,07-16T08:00,P,,,,24238.5,38.5,680,-1135,1738
2026-07-21,2026-07-16,T-3,fly,hold,24124.0,24100.0,24100.0,24200.0,SC24100@150.75 SP24100@117.75 LC24200@99.85 LP24000@80.6,24100.0,24100.0,100,88.1,5723,777,2,07-16T04:31,C,,,,24238.5,100.0,680,-1203,-1457
2026-07-21,2026-07-16,T-3,fly,overlay,24124.0,24100.0,24100.0,24200.0,SC24100@150.75 SP24100@117.75 LC24200@99.85 LP24000@80.6,24100.0,24100.0,100,88.1,5723,777,2,07-16T04:31,C,,,,24238.5,100.0,680,-1203,-1457
2026-07-21,2026-07-16,T-3,strangle,hold,24124.0,24100.0,24100.0,24200.0,SC24200@99.85 SP24100@117.75,24100.0,24200.0,,217.6,14144,,2,07-16T08:00,P,,,,24238.5,38.5,340,-4246,11302
2026-07-21,2026-07-16,T-3,strangle,overlay,24124.0,24100.0,24100.0,24200.0,SC24200@99.85 SP24100@117.75,24100.0,24200.0,,217.6,14144,,2,07-16T08:00,P,,,,24238.5,38.5,340,-4246,11302
2026-07-21,2026-07-16,T-3,straddle,hold,24124.0,24100.0,24100.0,24200.0,SC24100@150.75 SP24100@117.75,24100.0,24100.0,,268.5,17452,,2,07-16T04:31,C,,,,24238.5,138.5,340,-5855,8110
2026-07-21,2026-07-16,T-3,straddle,overlay,24124.0,24100.0,24100.0,24200.0,SC24100@150.75 SP24100@117.75,24100.0,24100.0,,268.5,17452,,2,07-16T04:31,C,,,,24238.5,138.5,340,-5855,8110
2026-07-21,2026-07-17,T-2,condor,hold,24221.8,24200.0,24200.0,24500.0,SC24500@24.1 LC24600@12.45 SP24200@134.35 LP24100@92.2,24200.0,24500.0,100,53.8,3497,3003,1,07-20T03:50,P,,,,24238.5,0.0,680,-921,2817
2026-07-21,2026-07-17,T-2,condor,overlay,24221.8,24200.0,24200.0,24500.0,SC24500@24.1 LC24600@12.45 SP24200@134.35 LP24100@92.2,24200.0,24500.0,100,53.8,3497,3003,1,07-20T03:50,P,,,,24238.5,0.0,680,-921,2817
2026-07-21,2026-07-17,T-2,fly,hold,24221.8,24200.0,24200.0,24500.0,SC24200@121.85 SP24200@134.35 LC24300@76.8 LP24100@92.2,24200.0,24200.0,100,87.2,5668,832,1,07-17T04:31,C,,,,24238.5,38.5,680,-852,2485
2026-07-21,2026-07-17,T-2,fly,overlay,24221.8,24200.0,24200.0,24500.0,SC24200@121.85 SP24200@134.35 LC24300@76.8 LP24100@92.2,24200.0,24200.0,100,87.2,5668,832,1,07-17T04:31,C,,,,24238.5,38.5,680,-852,2485
2026-07-21,2026-07-17,T-2,strangle,hold,24221.8,24200.0,24200.0,24500.0,SC24500@24.1 SP24200@134.35,24200.0,24500.0,,158.4,10299,,1,07-20T03:50,P,,,,24238.5,0.0,340,-356,9959
2026-07-21,2026-07-17,T-2,strangle,overlay,24221.8,24200.0,24200.0,24500.0,SC24500@24.1 SP24200@134.35,24200.0,24500.0,,158.4,10299,,1,07-20T03:50,P,,,,24238.5,0.0,340,-356,9959
2026-07-21,2026-07-17,T-2,straddle,hold,24221.8,24200.0,24200.0,24500.0,SC24200@121.85 SP24200@134.35,24200.0,24200.0,,256.2,16653,,1,07-17T04:31,C,,,,24238.5,38.5,340,-3350,13810
2026-07-21,2026-07-17,T-2,straddle,overlay,24221.8,24200.0,24200.0,24500.0,SC24200@121.85 SP24200@134.35,24200.0,24200.0,,256.2,16653,,1,07-17T04:31,C,,,,24238.5,38.5,340,-3350,13810
2026-07-21,2026-07-20,T-1,condor,hold,24187.1,24200.0,24000.0,24200.0,SC24200@72.95 LC24300@37.5 SP24000@31.55 LP23900@15.55,24000.0,24200.0,100,51.5,3344,3156,0,07-20T04:35,C,,,,24238.5,38.5,680,-1311,162
2026-07-21,2026-07-20,T-1,condor,overlay,24187.1,24200.0,24000.0,24200.0,SC24200@72.95 LC24300@37.5 SP24000@31.55 LP23900@15.55,24000.0,24200.0,100,51.5,3344,3156,0,07-20T04:35,C,,,,24238.5,38.5,680,-1311,162
2026-07-21,2026-07-20,T-1,fly,hold,24187.1,24200.0,24000.0,24200.0,SC24200@72.95 SP24200@107.6 LC24300@37.5 LP24100@60.7,24200.0,24200.0,100,82.4,5353,1147,0,07-20T04:31,P,,,,24238.5,38.5,680,-693,2170
2026-07-21,2026-07-20,T-1,fly,overlay,24187.1,24200.0,24000.0,24200.0,SC24200@72.95 SP24200@107.6 LC24300@37.5 LP24100@60.7,24200.0,24200.0,100,82.4,5353,1147,0,07-20T04:31,P,,,,24238.5,38.5,680,-693,2170
2026-07-21,2026-07-20,T-1,strangle,hold,24187.1,24200.0,24000.0,24200.0,SC24200@72.95 SP24000@31.55,24000.0,24200.0,,104.5,6792,,0,07-20T04:35,C,,,,24238.5,38.5,340,-2030,3950
2026-07-21,2026-07-20,T-1,strangle,overlay,24187.1,24200.0,24000.0,24200.0,SC24200@72.95 SP24000@31.55,24000.0,24200.0,,104.5,6792,,0,07-20T04:35,C,,,,24238.5,38.5,340,-2030,3950
2026-07-21,2026-07-20,T-1,straddle,hold,24187.1,24200.0,24000.0,24200.0,SC24200@72.95 SP24200@107.6,24200.0,24200.0,,180.6,11736,,0,07-20T04:31,P,,,,24238.5,38.5,340,-291,8893
2026-07-21,2026-07-20,T-1,straddle,overlay,24187.1,24200.0,24000.0,24200.0,SC24200@72.95 SP24200@107.6,24200.0,24200.0,,180.6,11736,,0,07-20T04:31,P,,,,24238.5,38.5,340,-291,8893
2026-07-28,2026-07-22,T-4,condor,hold,24015.0,24000.0,24000.0,24200.0,SC24200@82.85 LC24300@54.85 SP24000@155.3 LP23900@111.95,24000.0,24200.0,100,71.4,4638,1862,4,07-22T04:55,P,,,,23985.3,14.7,680,-1554,3005
2026-07-28,2026-07-22,T-4,condor,overlay,24015.0,24000.0,24000.0,24200.0,SC24200@82.85 LC24300@54.85 SP24000@155.3 LP23900@111.95,24000.0,24200.0,100,71.4,4638,1862,4,07-22T04:55,P,07-24T04:30,P,23645,23985.3,14.7,850,-23207,-19317
2026-07-28,2026-07-22,T-4,fly,hold,24015.0,24000.0,24000.0,24200.0,SC24000@167.5 SP24000@155.3 LC24100@120.25 LP23900@111.95,24000.0,24000.0,100,90.6,5889,611,4,07-22T04:31,C,,,,23985.3,14.7,680,-956,4257
2026-07-28,2026-07-22,T-4,fly,overlay,24015.0,24000.0,24000.0,24200.0,SC24000@167.5 SP24000@155.3 LC24100@120.25 LP23900@111.95,24000.0,24000.0,100,90.6,5889,611,4,07-22T04:31,C,07-24T04:30,P,23645,23985.3,14.7,850,-24712,-18065
2026-07-28,2026-07-22,T-4,strangle,hold,24015.0,24000.0,24000.0,24200.0,SC24200@82.85 SP24000@155.3,24000.0,24200.0,,238.2,15480,,4,07-22T04:55,P,,,,23985.3,14.7,340,-9885,14187
2026-07-28,2026-07-22,T-4,strangle,overlay,24015.0,24000.0,24000.0,24200.0,SC24200@82.85 SP24000@155.3,24000.0,24200.0,,238.2,15480,,4,07-22T04:55,P,07-24T04:30,P,23645,23985.3,14.7,510,-13127,-8135
2026-07-28,2026-07-22,T-4,straddle,hold,24015.0,24000.0,24000.0,24200.0,SC24000@167.5 SP24000@155.3,24000.0,24000.0,,322.8,20982,,4,07-22T04:31,C,,,,23985.3,14.7,340,-6161,19690
2026-07-28,2026-07-22,T-4,straddle,overlay,24015.0,24000.0,24000.0,24200.0,SC24000@167.5 SP24000@155.3,24000.0,24000.0,,322.8,20982,,4,07-22T04:31,C,07-24T04:30,P,23645,23985.3,14.7,510,-11853,-2632
2026-07-28,2026-07-23,T-3,condor,hold,23940.9,23950.0,23900.0,24000.0,SC24000@107.8 LC24100@70.35 SP23900@111.55 LP23800@74.2,23900.0,24000.0,100,74.8,4862,1638,3,07-23T07:00,P,,,,23985.3,0.0,680,-1324,4182
2026-07-28,2026-07-23,T-3,condor,overlay,23940.9,23950.0,23900.0,24000.0,SC24000@107.8 LC24100@70.35 SP23900@111.55 LP23800@74.2,23900.0,24000.0,100,74.8,4862,1638,3,07-23T07:00,P,07-24T04:30,P,23645,23985.3,0.0,850,-24669,-18140
2026-07-28,2026-07-23,T-3,fly,hold,23940.9,23950.0,23900.0,24000.0,SC23950@131.45 SP23950@135.1 LC24050@87.3 LP23850@91.45,23950.0,23950.0,100,87.8,5707,793,3,07-23T04:31,P,,,,23985.3,35.3,680,-982,2729
2026-07-28,2026-07-23,T-3,fly,overlay,23940.9,23950.0,23900.0,24000.0,SC23950@131.45 SP23950@135.1 LC24050@87.3 LP23850@91.45,23950.0,23950.0,100,87.8,5707,793,3,07-23T04:31,P,07-24T04:30,P,23645,23985.3,35.3,850,-25560,-19593
2026-07-28,2026-07-23,T-3,strangle,hold,23940.9,23950.0,23900.0,24000.0,SC24000@107.8 SP23900@111.55,23900.0,24000.0,,219.3,14258,,3,07-23T07:00,P,,,,23985.3,0.0,340,-7461,13918
2026-07-28,2026-07-23,T-3,strangle,overlay,23940.9,23950.0,23900.0,24000.0,SC24000@107.8 SP23900@111.55,23900.0,24000.0,,219.3,14258,,3,07-23T07:00,P,07-24T04:30,P,23645,23985.3,0.0,510,-16620,-8404
2026-07-28,2026-07-23,T-3,straddle,hold,23940.9,23950.0,23900.0,24000.0,SC23950@131.45 SP23950@135.1,23950.0,23950.0,,266.5,17326,,3,07-23T04:31,P,,,,23985.3,35.3,340,-7480,14688
2026-07-28,2026-07-23,T-3,straddle,overlay,23940.9,23950.0,23900.0,24000.0,SC23950@131.45 SP23950@135.1,23950.0,23950.0,,266.5,17326,,3,07-23T04:31,P,07-24T04:30,P,23645,23985.3,35.3,510,-16416,-7634
2026-07-28,2026-07-24,T-2,condor,hold,23644.5,23650.0,23500.0,24000.0,SC24000@29.15 LC24100@17.9 SP23500@65.95 LP23400@42.6,23500.0,24000.0,100,34.6,2249,4251,2,07-27T08:55,C,,,,23985.3,0.0,680,-1762,1569
2026-07-28,2026-07-24,T-2,condor,overlay,23644.5,23650.0,23500.0,24000.0,SC24000@29.15 LC24100@17.9 SP23500@65.95 LP23400@42.6,23500.0,24000.0,100,34.6,2249,4251,2,07-27T08:55,C,,,,23985.3,0.0,680,-1762,1569
2026-07-28,2026-07-24,T-2,fly,hold,23644.5,23650.0,23500.0,24000.0,SC23650@142.6 SP23650@120.95 LC23750@94.9 LP23550@81.5,23650.0,23650.0,100,87.2,5665,835,2,07-24T04:31,P,,,,23985.3,100.0,680,-1779,-1515
2026-07-28,2026-07-24,T-2,fly,overlay,23644.5,23650.0,23500.0,24000.0,SC23650@142.6 SP23650@120.95 LC23750@94.9 LP23550@81.5,23650.0,23650.0,100,87.2,5665,835,2,07-24T04:31,P,,,,23985.3,100.0,680,-1779,-1515
2026-07-28,2026-07-24,T-2,strangle,hold,23644.5,23650.0,23500.0,24000.0,SC24000@29.15 SP23500@65.95,23500.0,24000.0,,95.1,6182,,2,07-27T08:55,C,,,,23985.3,0.0,340,-1049,5842
2026-07-28,2026-07-24,T-2,strangle,overlay,23644.5,23650.0,23500.0,24000.0,SC24000@29.15 SP23500@65.95,23500.0,24000.0,,95.1,6182,,2,07-27T08:55,C,,,,23985.3,0.0,340,-1049,5842
2026-07-28,2026-07-24,T-2,straddle,hold,23644.5,23650.0,23500.0,24000.0,SC23650@142.6 SP23650@120.95,23650.0,23650.0,,263.6,17131,,2,07-24T04:31,P,,,,23985.3,335.3,340,-9368,-5007
2026-07-28,2026-07-24,T-2,straddle,overlay,23644.5,23650.0,23500.0,24000.0,SC23650@142.6 SP23650@120.95,23650.0,23650.0,,263.6,17131,,2,07-24T04:31,P,,,,23985.3,335.3,340,-9368,-5007
2026-07-28,2026-07-27,T-1,condor,hold,23928.8,23950.0,23900.0,24000.0,SC24000@49.8 LC24100@21.6 SP23900@58.35 LP23800@29.6,23900.0,24000.0,100,56.9,3702,2798,1,07-27T05:07,P,,,,23985.3,0.0,680,-810,3022
2026-07-28,2026-07-27,T-1,condor,overlay,23928.8,23950.0,23900.0,24000.0,SC24000@49.8 LC24100@21.6 SP23900@58.35 LP23800@29.6,23900.0,24000.0,100,56.9,3702,2798,1,07-27T05:07,P,,,,23985.3,0.0,680,-810,3022
2026-07-28,2026-07-27,T-1,fly,hold,23928.8,23950.0,23900.0,24000.0,SC23950@71.8 SP23950@80.5 LC24050@33.0 LP23850@41.7,23950.0,23950.0,100,77.6,5044,1456,1,07-27T04:31,P,,,,23985.3,35.3,680,-751,2066
2026-07-28,2026-07-27,T-1,fly,overlay,23928.8,23950.0,23900.0,24000.0,SC23950@71.8 SP23950@80.5 LC24050@33.0 LP23850@41.7,23950.0,23950.0,100,77.6,5044,1456,1,07-27T04:31,P,,,,23985.3,35.3,680,-751,2066
2026-07-28,2026-07-27,T-1,strangle,hold,23928.8,23950.0,23900.0,24000.0,SC24000@49.8 SP23900@58.35,23900.0,24000.0,,108.2,7030,,1,07-27T05:07,P,,,,23985.3,0.0,340,-841,6690
2026-07-28,2026-07-27,T-1,strangle,overlay,23928.8,23950.0,23900.0,24000.0,SC24000@49.8 SP23900@58.35,23900.0,24000.0,,108.2,7030,,1,07-27T05:07,P,,,,23985.3,0.0,340,-841,6690
2026-07-28,2026-07-27,T-1,straddle,hold,23928.8,23950.0,23900.0,24000.0,SC23950@71.8 SP23950@80.5,23950.0,23950.0,,152.3,9900,,1,07-27T04:31,P,,,,23985.3,35.3,340,-857,7262
2026-07-28,2026-07-27,T-1,straddle,overlay,23928.8,23950.0,23900.0,24000.0,SC23950@71.8 SP23950@80.5,23950.0,23950.0,,152.3,9900,,1,07-27T04:31,P,,,,23985.3,35.3,340,-857,7262
2026-08-04,2026-07-29,T-4,condor,hold,24198.0,24200.0,24000.0,24200.0,SC24200@141.15 LC24300@92.9 SP24000@63.1 LP23900@42.2,24000.0,24200.0,100,69.1,4495,2005,3,07-29T04:31,C,,,,24774.3,100.0,680,-15887,-2685
2026-08-04,2026-07-29,T-4,condor,overlay,24198.0,24200.0,24000.0,24200.0,SC24200@141.15 LC24300@92.9 SP24000@63.1 LP23900@42.2,24000.0,24200.0,100,69.1,4495,2005,3,07-29T04:31,C,07-29T09:50,C,24317,24774.3,100.0,850,-6733,26859
2026-08-04,2026-07-29,T-4,fly,hold,24198.0,24200.0,24000.0,24200.0,SC24200@141.15 SP24200@132.25 LC24300@92.9 LP24100@92.4,24200.0,24200.0,100,88.1,5726,774,3,07-29T04:31,C,,,,24774.3,100.0,680,-14655,-1454
2026-08-04,2026-07-29,T-4,fly,overlay,24198.0,24200.0,24000.0,24200.0,SC24200@141.15 SP24200@132.25 LC24300@92.9 LP24100@92.4,24200.0,24200.0,100,88.1,5726,774,3,07-29T04:31,C,07-29T09:50,C,24317,24774.3,100.0,850,-6905,28091
2026-08-04,2026-07-29,T-4,strangle,hold,24198.0,24200.0,24000.0,24200.0,SC24200@141.15 SP24000@63.1,24000.0,24200.0,,204.2,13276,,3,07-29T04:31,C,,,,24774.3,574.3,340,-24393,-24393
2026-08-04,2026-07-29,T-4,strangle,overlay,24198.0,24200.0,24000.0,24200.0,SC24200@141.15 SP24000@63.1,24000.0,24200.0,,204.2,13276,,3,07-29T04:31,C,07-29T09:50,C,24317,24774.3,574.3,510,-4300,5151
2026-08-04,2026-07-29,T-4,straddle,hold,24198.0,24200.0,24000.0,24200.0,SC24200@141.15 SP24200@132.25,24200.0,24200.0,,273.4,17771,,3,07-29T04:31,C,,,,24774.3,574.3,340,-19898,-19898
2026-08-04,2026-07-29,T-4,straddle,overlay,24198.0,24200.0,24000.0,24200.0,SC24200@141.15 SP24200@132.25,24200.0,24200.0,,273.4,17771,,3,07-29T04:31,C,07-29T09:50,C,24317,24774.3,574.3,510,-4160,9646
2026-08-04,2026-07-30,T-3,condor,hold,24272.8,24250.0,24200.0,24700.0,SC24700@6.05 LC24800@3.5 SP24200@92.9 LP24100@59.2,24200.0,24700.0,100,36.2,2356,4144,2,08-03T09:30,C,,,,24774.3,74.3,680,-1064,-3153
2026-08-04,2026-07-30,T-3,condor,overlay,24272.8,24250.0,24200.0,24700.0,SC24700@6.05 LC24800@3.5 SP24200@92.9 LP24100@59.2,24200.0,24700.0,100,36.2,2356,4144,2,08-03T09:30,C,08-03T09:50,C,24774,24774.3,74.3,850,-1234,-3323
2026-08-04,2026-07-30,T-3,fly,hold,24272.8,24250.0,24200.0,24700.0,SC24250@117.8 SP24250@114.35 LC24350@70.9 LP24150@74.7,24250.0,24250.0,100,86.5,5626,874,2,07-30T04:31,C,,,,24774.3,100.0,680,-1922,-1554
2026-08-04,2026-07-30,T-3,fly,overlay,24272.8,24250.0,24200.0,24700.0,SC24250@117.8 SP24250@114.35 LC24350@70.9 LP24150@74.7,24250.0,24250.0,100,86.5,5626,874,2,07-30T04:31,C,07-30T09:50,C,24317,24774.3,100.0,850,-1672,27990
2026-08-04,2026-07-30,T-3,strangle,hold,24272.8,24250.0,24200.0,24700.0,SC24700@6.05 SP24200@92.9,24200.0,24700.0,,99.0,6432,,2,08-03T09:30,C,,,,24774.3,74.3,340,-1624,1262
2026-08-04,2026-07-30,T-3,strangle,overlay,24272.8,24250.0,24200.0,24700.0,SC24700@6.05 SP24200@92.9,24200.0,24700.0,,99.0,6432,,2,08-03T09:30,C,08-03T09:50,C,24774,24774.3,74.3,510,-1794,1092
2026-08-04,2026-07-30,T-3,straddle,hold,24272.8,24250.0,24200.0,24700.0,SC24250@117.8 SP24250@114.35,24250.0,24250.0,,232.1,15090,,2,07-30T04:31,C,,,,24774.3,524.3,340,-8930,-19330
2026-08-04,2026-07-30,T-3,straddle,overlay,24272.8,24250.0,24200.0,24700.0,SC24250@117.8 SP24250@114.35,24250.0,24250.0,,232.1,15090,,2,07-30T04:31,C,07-30T09:50,C,24317,24774.3,524.3,510,-1820,10215
2026-08-04,2026-07-31,T-2,condor,hold,24351.9,24350.0,24000.0,24400.0,SC24400@70.5 LC24500@34.65 SP24000@16.1 LP23900@10.1,24000.0,24400.0,100,41.9,2720,3780,1,07-31T07:14,C,,,,24774.3,100.0,680,-3654,-4460
2026-08-04,2026-07-31,T-2,condor,overlay,24351.9,24350.0,24000.0,24400.0,SC24400@70.5 LC24500@34.65 SP24000@16.1 LP23900@10.1,24000.0,24400.0,100,41.9,2720,3780,1,07-31T07:14,C,08-03T09:50,C,24774,24774.3,100.0,850,-3824,-4630
2026-08-04,2026-07-31,T-2,fly,hold,24351.9,24350.0,24000.0,24400.0,SC24350@95.15 SP24350@97.85 LC24450@50.2 LP24250@58.9,24350.0,24350.0,100,83.9,5454,1046,1,07-31T04:31,C,,,,24774.3,100.0,680,-1492,-1726
2026-08-04,2026-07-31,T-2,fly,overlay,24351.9,24350.0,24000.0,24400.0,SC24350@95.15 SP24350@97.85 LC24450@50.2 LP24250@58.9,24350.0,24350.0,100,83.9,5454,1046,1,07-31T04:31,C,08-03T09:50,C,24774,24774.3,100.0,850,-1662,-1896
2026-08-04,2026-07-31,T-2,strangle,hold,24351.9,24350.0,24000.0,24400.0,SC24400@70.5 SP24000@16.1,24000.0,24400.0,,86.6,5629,,1,07-31T07:14,C,,,,24774.3,374.3,340,-8683,-19040
2026-08-04,2026-07-31,T-2,strangle,overlay,24351.9,24350.0,24000.0,24400.0,SC24400@70.5 SP24000@16.1,24000.0,24400.0,,86.6,5629,,1,07-31T07:14,C,08-03T09:50,C,24774,24774.3,374.3,510,-8853,-19210
2026-08-04,2026-07-31,T-2,straddle,hold,24351.9,24350.0,24000.0,24400.0,SC24350@95.15 SP24350@97.85,24350.0,24350.0,,193.0,12545,,1,07-31T04:31,C,,,,24774.3,424.3,340,-5410,-15374
2026-08-04,2026-07-31,T-2,straddle,overlay,24351.9,24350.0,24000.0,24400.0,SC24350@95.15 SP24350@97.85,24350.0,24350.0,,193.0,12545,,1,07-31T04:31,C,08-03T09:50,C,24774,24774.3,424.3,510,-5580,-15544
2026-08-04,2026-08-03,T-1,condor,hold,24570.3,24550.0,24500.0,24600.0,SC24600@50.95 LC24700@19.3 SP24500@34.95 LP24400@15.9,24500.0,24600.0,100,50.7,3296,3204,0,08-03T05:37,C,,,,24774.3,100.0,680,-894,-3884
2026-08-04,2026-08-03,T-1,condor,overlay,24570.3,24550.0,24500.0,24600.0,SC24600@50.95 LC24700@19.3 SP24500@34.95 LP24400@15.9,24500.0,24600.0,100,50.7,3296,3204,0,08-03T05:37,C,08-03T09:50,C,24774,24774.3,100.0,850,-1064,-4054
2026-08-04,2026-08-03,T-1,fly,hold,24570.3,24550.0,24500.0,24600.0,SC24550@77.2 SP24550@52.0 LC24650@32.05 LP24450@23.2,24550.0,24550.0,100,73.9,4807,1693,0,08-03T04:31,C,,,,24774.3,100.0,680,-829,-2373
2026-08-04,2026-08-03,T-1,fly,overlay,24570.3,24550.0,24500.0,24600.0,SC24550@77.2 SP24550@52.0 LC24650@32.05 LP24450@23.2,24550.0,24550.0,100,73.9,4807,1693,0,08-03T04:31,C,08-03T09:50,C,24774,24774.3,100.0,850,-999,-2543
2026-08-04,2026-08-03,T-1,strangle,hold,24570.3,24550.0,24500.0,24600.0,SC24600@50.95 SP24500@34.95,24500.0,24600.0,,85.9,5584,,0,08-03T05:37,C,,,,24774.3,174.3,340,-831,-6086
2026-08-04,2026-08-03,T-1,strangle,overlay,24570.3,24550.0,24500.0,24600.0,SC24600@50.95 SP24500@34.95,24500.0,24600.0,,85.9,5584,,0,08-03T05:37,C,08-03T09:50,C,24774,24774.3,174.3,510,-1001,-6256
2026-08-04,2026-08-03,T-1,straddle,hold,24570.3,24550.0,24500.0,24600.0,SC24550@77.2 SP24550@52.0,24550.0,24550.0,,129.2,8398,,0,08-03T04:31,C,,,,24774.3,224.3,340,-867,-6521
2026-08-04,2026-08-03,T-1,straddle,overlay,24570.3,24550.0,24500.0,24600.0,SC24550@77.2 SP24550@52.0,24550.0,24550.0,,129.2,8398,,0,08-03T04:31,C,08-03T09:50,C,24774,24774.3,224.3,510,-1037,-6691
